103140,튀어라
103140,양봉이 최소
103140,이 거래는
103140,지수가 이렇게 오르는데 주구장창 내리네
103140,프랍 하시는 선배 말로는
103140,풍산이 아니고 풍비박산이데
103140,난 단타 수익
103140,풍
103140,풍산
103140,절라도 금투세 때문에
103140,일봉 렌코
103140,연기금  
103140,잡주 같으니라구
103140,외인 vs 기관
103140,요즘 보면 조만간 반대매매 당하겠네여
103140,우량기업이므로 언젠가는 갑니다
103140,유튜브 떴네~ 체코 관련 155미리 포탄 불량 많다고~
103140,유튜브 떴네~ 체코 관련 155미리 포탄 불량 많다고~
103140,주식거래의 본질은 도박임. What else?
103140,죽어도 
105560,월회비 35만 유료정보방 무료입장 되는날
105560,KB금융 PER는 제약바이오보다 높아
105560,오늘도 어제처럼 종가관리 한 500원만 위로 쳐주삼
105560,금투세 폐지 국회청원 진행중
105560,반등에 저항하는 것들이 많넹
105560,■년간수출.천문학적효자
105560,왜 외인장난질이라하노 ㅋㅋ
105560,속보속보...정부가 드디어..ㄷㄷㄷ
105560,10만. 안가냐?
105560,금투세폐지청원
105560,금투세 폐지 청원 동의 합시다!
105560,국민연금 망친것은??
105560,kb금융 배당금, 배당일정 소개!
105560,제주은행  급반등
105560,7만2천원에서 아가리 쩌어어어어억~
105560,매일 빠지네  니기미
105560,10만원대 주기시대 겨냥 
105560,에휴...
105560,고점인것 같은데
105560,ㅣㅎ ㅏ나님의 의/=그 아들,/예수 속죄의 그ㅡ죽음ㅣ
105630,아 잘못 들어 왔구나 ㅜㅜ
105630,참 바램대로 되지 않는 주식
105630,만약 금요일까지 빠지면 장기 하락 갈수있음....
105630,어젯밤 한세실업 관련 기사
105630,2년 정도 물려있다가...
105630,미국의류GAP의ODM회사가
105630,2만원에 강력한 자석 붙여놨나 보네.
105630,정말 어려운 주식
105630,내가 이 주식 왜 샀는 줄 알아?
105630,씨사이트
105630,너무조아 
105630,gap 뭐냐 28프로 급등? 와우
105630,검색기 검색 종목 (한세실업)
105630,@의류 관련주 테마 정리, 밤새 세계 의류 주가 정리
105630,금투세 전면 폐지
105630,시총이 1조짜리라 기관들 맘대로 눌렀다가겟지..
105630,아베크롬비, GAP 주가보고 헐레벌떡왔다 떡상각이냐
105630,극좌빨 금투세
105630,이번 의류주 상승이
105630,급등이유
111770,위대한 아버지와 세딸을 찬양하라~
111770,영원무역 리포트
111770,매수! 아직은>>>>
111770,$$
111770,룰루레몬 실적 나오고 사면 늦다
111770,월봉 구름대 뚫린이상..
111770,월봉 구름대 뚫린이상..
111770,25000 아가리 짝
111770,와 씨싸하나 쩜상가길래
111770,신저가 아니면 매수 금지 종목임
111770,고개를 쳐드네?
111770,물타기 금지
111770,1만 가자..망했다..천하에..
111770,KB창구한테 뭐 나쁜짓함??
111770,또 신저가 근처까지 내려가겠네..
111770,헐 이 가격 실화?
111770,영원무역 리포트
111770,#의류 테마 정리 및 토요일오전 세계적 의류 주가 결과
111770,영원무역 리포트
111770,6월 5일 룰루레몬 실적
112610,EU 풍력?·태양광 발전량 5년 새 46%↑…화석연료는 22%↓”
112610,아니 전망이 얼마나 ㅈ같냐?
112610,내가 씨에스윈드를 걱정하지 않는 이유
112610,개연기금
112610,금리인하무새들아
112610,이OOO에 주식은 만년 5마넌임
112610,4451=스토커다 
112610,kbpa=스토커다 
112610,절대못가지
112610,월가 전문가들, 미 연준 '7월 인하 카드' 버리지 않는 이유
112610,손절
112610,손절
112610,4451=스토커다 
112610,kbpa=스토커다 
112610,김치찌개 돼지색히 떼문에
112610,포항 석유 팔때냐 지금!
112610,장 시작전에~~
112610,해상 풍력의 시대가 활짝 열릴 것 같습니다
112610,해상 풍력의 시대가 활짝 열릴 것 같습니다
112610,4451=스토커다 
114090,관광객도 들어오구 배당도주고
114090,5만원 가겠지
114090,신규사업 추진한다고?
114090,2.3만 언제오나요
114090,참으로 답답한 흐름이네요..
114090,김영산
114090,김영산씨는 회사에 왜 다니나요?
114090,김영산씨는 회사에 왜 다니나요?
114090,김영산
114090,김영산 사장님 회사에 일하러  다니는것 맞나요? ㅠㅠ
114090,이번달도 실적 똥이네 ㅋㅋ
114090,공시뜨자마자 꼴아박네
114090,gkl 진짜 반성해야 함
114090,홀드율이 지속적으로 부진
114090,신한은 외국계
114090,김영산
114090,진득하니 기다리면 많이올라있겄지
114090,GKL 카지노 해외 진출 TF
114090,파라다이스는 두달 연속으로 실적 대박이네요
114090,신한 새**들만 뜨면 무조건 꼬락박네ㅠ
120110,매수는
120110,잘 내려오는구나
120110,회
120110,38 한번더 터치 할것…
120110,거래량 꼬라지 보니
120110,개미들 똑똑해
120110,튀자~~~~
120110,타이어 코드
120110,최고 꼭대기애 개미들 다 털고
120110,[삭제된 게시물의 답글]코오롱의 대표기업 꼬라지가
120110,신한 넘 일찍 통알 쐈다
120110,주가 오르네
120110,이제부터는 오늘 저점에 매수한 개미들의
120110,코오롱글로벌..
120110,끝내 선에 대이게 만드네
120110,얼마에 매수해야 하나요?
120110,얼마나
120110,끝난 종목
120110,개미밭!!!!
120110,완벽한 갸미들의 승리네
128940,살가? 고민하고있는데...
128940,기술수출…
128940,비만주사 한대
128940,대화 급등 전야
128940,낼은 약발로
128940,한미는..
128940,이노므것 참. .
128940,진짜 비만치료제 개발진행은 한미약품. .
128940,한미야..
128940,속는 흑우없제,,,? 단기반등 한번 주고
128940,한미약품 팔팔 환상의 소야곡
128940,동전 주역점
128940,채무상환으로 유증?ㅋㅋㅋ
128940,상속세 관련 궁금증 문의합니다......
128940,ㄱ  ㅁ신발 
128940,롤론티스 기사안나왔으면
128940,유증때릴라카나
128940,끝났다
128940,임가야 그만 내려와라
128940,그냥 삼성바이오로직스에 인수합병가자
137310,공모가5토막난 회사가
137310,이거 하나 알려줄게
137310,안티들이 늘어난 이유 말해준다
137310,공모가52000
137310,코쑤시개회사가 코쑤시개 못팔면
137310,제3자배정 호재를
137310,나스닥 공모가 장사
137310,메리디안 2조인수 공룡회사
137310,쓰레기
137310,대머리가죽
137310,금감원에 신고 해봤는데, 혐의 없댄다.
137310,더러운 족속
137310,이 정도면 그것이 알고싶다 에 고발해야지
137310,공모가 사기
137310,빵식이는 청담 팬트하우스 300억짜리
137310,나 진짜 ㅅㅍ
137310,ㅎㅎㅎㅎㅎ 무너진다 ㅎㅎㅎㅎㅎ
137310,님들도 사실 다 알잖아요.. ㅠㅠ
137310,에바센이 오를수 없는이유
137310,이재 만원 절대안온다..
138040,간만에
138040,745추매
138040,망했어욤욤욤
138040,주주
138040,오늘도 알쥬?
138040,시점은 멀리, 타점은 높게
138040,ㅣ
138040,자사주 
138040,자사주(6/4)
138040,역시 연기금..대단해
138040,찬티들 어디서욤
138040,200주 추매 
138040,메리츠 2억 주주) 안녕하세요
138040,여름 보양식!!!
138040,오늘은 또 무슨 이유로 빼나??
138040,주가가 시원하게 한 번 빠져주면 좋겠다
138040,오늘도 알쥬?
138040,자사주(6/3)
138040,6/3 자사주 52,000 체결 완료 
138040,고점 찍고 고작 3달 횡보중인데...
138930,BNK금융 추정 PER 지존 인정
138930,잠시 쉬면
138930,지난해 저점은
138930,오늘로써100주
138930,Nh 니네 공매도 하냐?
138930,외인들도 수익실현 시작했네
138930,ㅎㅎ 모스가 드디어 꼬랑지 내리나
138930,오여기도 조용하고좋다
138930,석열이가 하는 부양책  공통점!
138930,석열이가 하는 부양책  공통점!
138930,BNK금융지주 1분기 당기 순이익
138930,석열이 국민의짐이 우리 증시에 먹구름!
138930,오늘도10주
138930,PBR  0.26  PER 3.34
138930,IR좀 열심히 해라
138930,주가가 일주일내내 빠지네?
138930,BNK금융지주 최신 배당 정리
138930,오늘11주샀다
138930,은행주 싸게 살 수 있는 기간이 이제
138930,막판 던지기 선수 외인 노무들
139130,축하합니다~~오늘부터 IM뱅크입니다~~
139130,오늘매수
139130,오늘 평단  8150 에서  8050 으로 낮아짐
139130,6월 5일 매매현황
139130,드디어 찾았다 DGB금융
139130,배당금을 봐도
139130,나도 쫌 사자 야발롬들아
139130,저 오늘 들어갔어요.
139130,7.8 보이면 산다고 했다 빨리 떨궈놔라
139130,매수가 ㅊㅊ 5700원
139130,요번주안에
139130,사는 것 같지? 사지마 !!
139130,오늘 OK저축은행앱 간만에 접속
139130,오늘 오르긴 오름 오늘 안오르면 답없음
139130,너무 많이 내렸네
139130,ㅋㅋㅋㅋㅋㅋㅋ
139130,주주친화정책은 신뢰회복부터
139130,올해는 오르기 걸렸음
139130,유증 안하나?
139130,그니깐 siwo야
139480,용짐이 돈없어서 사채 남발한다며
139480,이마트가 절대 저평가 가치주가 아닌 이유
139480,이마트 최적의 매수타이밍
139480,내일 종가는 아마도 58900원.
139480,미국물가비싸다고함
139480,이마트 종토방에 곧 유행 할 문장
139480,3년만에 3토막 주식이고 아직 진행형이여
139480,홈플가서 장보고 왔어요.
139480,지금 자리에서 외인, 기관 팔아재끼는거
139480,민노총 등장
139480,58000 ~  62000   입 좌악 ~_~
139480,외인들 20만원에매수해
139480,오늘도 변함이 없는...
139480,우리나라 코스피가 3000을 못가는건
139480,아니,이런넘이다있나,
139480,다시는 안 올 6만원
139480,공매도넘들부터
139480,이마트 정용진 근황
139480,내일 보다 오늘이 비쌉니다
139480,뭐 이딴 주식이 다 있어 
145720,30년 주식고수 덴티움 장중움직임분석.....이제 조정끝났다...낼부터 대폭발 상승
145720,재수  옴 붙었네  
145720,에라이
145720,일단 대표부터 바꿔봐~
145720,이빨 회사의 뻘짓
145720,4.5월 외국인
145720,정말 탈출하고 싶다..진심..
145720,바닥확인
145720,8만원대가 정상
145720,내일 던진다.대표야ㅎㅎ..
145720,기업 IR 이렇게밖에 못하나?
145720,내일
145720,참 걸레같구나
145720,중국 중국 중국
145720,기업설명회
145720,내일과 모레
145720,외인들은 뭘 보길래 이렇게까지 던져버리는 걸까;;;;
145720,그렇게
145720,점심식사후ㅡ
145720,뿌잉뿌잉
161390,불안하지만 버티는 걸로...
161390,너도...
161390,도대체 누가 파는거야?
161390,개미들 질린다
161390,그만 팔아라...
161390,한국타이어 신화
161390,왜  고생이니?
161390,이제 그만 눌러라
161390,주가가 상승못하는 이유중 하나
161390,이 잡주는
161390,오리온처럼
161390,이런
161390,내 상식으로는 이해가 안돼
161390,전기차고 가스차고 휘발유고 경유고
161390,연기금 매도가 줄지 않으면 지속 하락
161390,1프로만주라
161390,1프로면 다른종목 상한가랑
161390,주포랑 조현병이랑 손잡고
161390,개10타이어
161390,좀 좀..  좀!!!!!!!!
161890,상현이형~~
161890,프로그램  매수가  점점 늘어 나고
161890,보도
161890,나 이녀석에게 올인하기로 했다
161890,개 Jot 된거
161890,수급
161890,어제랑 비슷한패턴
161890,요기 신용 한마리
161890,요기 신용 한마리
161890,가스공사 석유 가서
161890,요기 신용쓰면 안된다
161890,요기 신용쓰면 안된다
161890,요기 신용쓰면 안된다
161890,요기 신용쓰면 안된다
161890,조정 어디까지?
161890,신용 개미 
161890,신용 개미 
161890,단타 치셈
161890,오늘 지금현재  수급
161890,고맙다 해라
175330,JB금융 PER는 더 높아
175330,소각
175330,낼도 빠진닥 카드라 ~  
175330,금투세 전면 폐지
175330,si증권 인수 추진
175330,좋아좋아
175330,현제 ㅡ제주ㅡ60만 ㅡ호남전체인구450만
175330,이제 은행 지분이 권력이 돼는 시대온다ㅡ참고들혀
175330,한국은행업계ㅡㅡ 이미 3군뎨 장악한 친일ㆍ일본계
175330,배당액 1000윈에ㅡㅡ시가배당 3프로면
175330,?본계  대부ok 한테 먹힌다
175330,불평불만
175330,평가는 개뿔 .......
175330,금융주중 ㅡㅡ제일저평가
175330,일본 대부업체ㅡㅡok. 대박
175330,막판26만주?뭐임?
175330,월욜 어떨까 ? ......
175330,땡 큐 ~~~~~
175330,14,300원 털고가즈아 ~  
175330,2월배당은 언제나오나요?
178920,멍멍이
178920,5월 초에 들어온 세력 평단 25000원 부근인데
178920,패턴 바꼈네
178920,여기 다니는사람한테 뭐 들음
178920,27,000원 지지 하는척
178920,역시
178920,동해 석유시추한다는데
178920,개미
178920,한번
178920,연기금 제정신이냐
178920,포항앞바다 석유가득 해서
178920,낼 지수 빠지면 
178920,끝 ㅋㅋ
178920,세력행님 이제 가시죠잉 
178920,살사람 다 샀으니
178920,신한 물량
178920,탑승해라 개미들아
178920,아따 가기힘들것네
178920,오늘부터
178920,오늘도 그닥
180640,오후에 칠마넌 깨자.
180640,한진칼은 절로 오르게 돼있다
180640,모간이
180640,금투세 전면 폐지
180640,대차잔고 늘었네 
180640,금투세 전면 폐지
180640,6월
180640,끝났네 끝났어
180640,배때기 터진다잉
180640,웃고갑시다
180640,이제 날라 갈때가 됐다
180640,오늘 팔천원은 올라야  내밀 
180640,안녕하세요 주린이 입니디
180640,뭔일 있음??
180640,한진칼은  오전 1시간만. 거래하는걸로
180640,알수없는 주식이구만!!
180640,추매 시작했습니다
180640,지금가격에서는. 추가 수매
180640,팁하나 줄게.  기지고만 있어라
180640,이거 미친거 아님
185750,11만원 매도는 과학이네
185750,종근당 주가 전망글 공유
185750,월38만원VIP자료들 무료로 관망가능
185750,반성
185750,자자 여러분들 집중하세여
185750,매도 했어요 감사합니다.
185750,또 떨구려나 아오
185750,어내하..
185750,호재?
185750,가두리 양식장
185750,매동보니 웃음만
185750,종근
185750,케이캡 판권 뺏기고 모질이 됨
185750,103500 들어왔습니다. 잘 부탁드립니다.
185750,103500 들어왔습니다. 잘 부탁드립니다.
185750,근당아 근당아
185750,죄인들을 위해 이땅에 오신 예수님
185750,그래 장한이랑 같이 다시 올라가라
185750,빨리팔면
185750,가두리 양식장
192080,외지분 6시 반 이후 결과나옴
192080,그노무샤끼
192080,[삭제된 게시물의 답글][삭제된 게시물의 답글]sasu,해드 눈 디집핀 돌아이,동족~
192080,OOO는 의리라도 있지
192080,sasu,해드 눈 디집핀 돌아이,동족~
192080,씨레기 마인드로 주주들대하는
192080,회사
192080,국내 게임사 지배구조 성적표 살펴보니 ‘이것’ 부족했다
192080,일반 개미 보유량은 총 주식 수의 20% 아래 일텐데
192080,ir 뉴스좀 보내봐~~~
192080,sasu,해드 눈 디집핀 돌아이
192080,sasu,해드 눈 디집핀 돌아이
192080,해도해도 너무한다.
192080,해도해도 너무한다.
192080,정말 공개매수하고 자진상폐했으면 좋겠네유
192080,김대표는 조건달지말고 즉각 주주환원책 시행하기 바랍니다
192080,상폐합시다
192080,상폐합시다
192080,상폐합시다
192080,무능의극치!!  집행부
192820,개관 때문에
192820,이제 13 만원
192820,이제 13 만원
192820,오늘 15찍겠다
192820,선크림  불티난다
192820,화장품 주식 체크포인트!! 이번주 전망과 영향
192820,ㅋㅋㅋㅋ
192820,대폭락이다
192820,15만원대
192820,다이소 화장품 원익 30분 단일가해제 2일째 잘지켜보자
192820,이정도 올랐으면
192820,오늘은 조정이네
192820,#5월 최강 테마 화장품. 21% 오른 코스맥스, 6월에는?
192820,코스맥스 레포트
192820,다음주 코스피 지수는
192820,빨리 차익 실현해야 할것 같아요
192820,구조적 성장
192820,화장품 지금 올라타도 될듯한데 애도?
192820,두산에너빌리티 전고점을 돌파하면
192820,오늘 팔았습니다.
204320,나는 아직 배고프다
204320,오늘 고작 10프로
204320,만두 오늘 배때지 터진다
204320,신사임당 
204320,수익나신분둘
204320,부숴버려 블로케이!!!
204320,씨부레~물량이 어디서 저리계속 나오는거고?
204320,● 5만원 안착!
204320,외쳐!!
204320,공구리치지말고 치워라 좀~
204320,10만원 가면 좋겠음!
204320,5만공구리 치워라~누구꺼고~
204320,만두? 오늘 무슨일이야??
204320,목표가
204320,프매~ㄱㅐ 씨부레들
204320,5만깨면 날아가는거임!?^^
204320,시외
204320,곧 5만 돌파
204320,이제 개미들
204320,다들 어떻게 보시나요 HL만도
207940,**** 삼바 수급현황 ****
207940,종가라도 수익챙기고?
207940,이미? 챙김!
207940,위로 시원하게 쏘질 못하네
207940,월회비 35만 유료정보방 무료입장 되는날
207940,삼바 단타 구간임!
207940,가스공사 소문난지가 언젠데?
207940,Peace 보유종목!
207940,신한
207940,찐 가는종목?
207940,20일선 강하게버티는?
207940,peac아줌마? 그세~ 또 손절?
207940,오늘 매수 수익권진입!
207940,지금이라도 교체?
207940,수익까먹지말고 나와요!
207940,욕심쟁이?
207940,단타 구간이라니깐요!
207940,ㅋㅋㅋㅋㅋㅋㅋㅋㅋ
207940,야 에코프로비엠 
207940,아 어제
241560,조정폭
241560,60일선 붙는다고 사지마라
241560,개미가 사기 시작한다
241560,흥미롭네
241560,현건기, 현두인보다 떨어지는폭이 큰 밥캣
241560,sam 어쩌고야 이게 약간의 조정처럼 보이냐 ㅋㅋ
241560,이번주 내로 5만원 초반가고 다음주에 4만원대 보겠네
241560,필이 온다
241560,8거래일
241560,54500에 잡았다
241560,중간배당
241560,호들갑.
241560,근데 진짜 얼마나 올랐다고 4월가격으로 돌아가냐 ㅋㅋ
241560,밥캣은 줄때 먹어야되고, 절대 장투하면 안되는 주식
241560,최근에 들어왔는데 이건 맨날 떨어지네?
241560,다시4만원으로
241560,이번주 다시 4만원 가나요오오오
241560,짱나네 이 좋은 날에
241560,현건기는 석유 테마로 묶여서 잘가네
241560,골드만이 망치는구나
251270,6만2천~7만까지 기대감으로 올랐는데...
251270,대규모 업데이트
251270,10만원 넘는 형들은 물 좀 타거나 손절해
251270,누가 넷마블 좋다했지
251270,붉은사막 8월 공개임박
251270,이젠 이성을 찾았나요?
251270,넷마블 10만원간다
251270,종가 맞추기
251270,주가도 비실비실 ㅋㅋㅋ
251270,하~ㅋ~~퍼펙트!
251270,저가에다담는구나..
251270,넷마블  진짜 보이는 속보
251270,넷마블 자회사 엔트리가 6월 말 폐업한다
251270,인범한테 프로모션 주면 안됨
251270,망했다는 블소2 모바일도 연 300억이 팩트임
251270,원래 넷마블 게임은 패키지 게임임..
251270,힘내라
251270,전국에 숨은 모마인들 모마2나와요 
251270,게임 후속 많이.나오네
251270,이런 불장에..관심 아웃 종목들은 뻔하구나
259960,내 글 4시 40분에 정확히 전부 지운다
259960,하나더 써본다
259960,믿거나 말거나지만
259960,얘들아
259960,아이고 주주님
259960,그 집자식이 성공해서 돈을 잘번대
259960,내 견해는 이렇다
259960,크래프톤 특
259960,나도 알아
259960,ㅆ¹발 진실들어간다 입벌려
259960,연기금이
259960,연기금 ㅋㅋㅋㅋㅋ
259960,종가 티나게 더럽게 누르네 
259960,머절이 주식!!
259960,rk  gr
259960,여기서 빨아대는 노미나
259960,붉은사막 8월 게임스컴 공개 ㄷ
259960,이게 정상아니냐?
259960,남조선 주린이 조지는데는 크래프톤이
259960,주가
267250,유가 급락
267250,호구들
267250,시가총액
267250,정기선 부회장. 미래형 선박으로 바다의 대전환 주도
267250,배당
267250,h d
267250,흥국증권
267250,Hd현대
267250,조용히 있어라
267250,진짜 도랐네 이주식은.
267250,왜..
267250,외인이 이렇게 사제껴도
267250,와....
267250,분기배당
267250,Hd현대
267250,여기는
267250,정기선부회장 21일째 매수중
267250,우리나라 
267250,이넘은 7만안착하기가 왜이리 힘드노?
267250,석유
267260,종토방에
267260,현일이 최강 분석하겠습니다 
267260,지금상황에선
267260,20일선은 안 밀렸네.
267260,나뿐넘들 이 좋은 회사를 키워야지
267260,여기도 케즘?
267260,[삭제된 게시물의 답글]월70만원방 무료입장이 가능하십니다.,..!!!
267260,닝기리
267260,으유 혼자 이러고있네
267260,금일 변압기 급락 사유 수출 급감
267260,금일 변압기 급락 사유 수출 급감
267260,한국투자창구가..X맨이었군..
267260,제룡전기  급반등
267260,한투는 무슨 물량으로 파는거죠
267260,28층부근에 복귀신고 합니다.
267260,알테오젠을 보며 느낀점...
267260,30층에샀는데 지금이라도 나가야하나요?
267260,기관들 배부르겠
267260,전력주
267260,석유 ...나락가고 있다
271560,슬퍼하거나 노하지 마슈~~
271560,죄송해요...손, 발 , 거시기까지
271560,외인들 1월16일 이후에 딱 10% 지분 던졌네.
271560,오늘 샀는데...
271560,ㄱㅐ~조ㄱㅏ튼~ 1등 오리온 
271560,담철곤.이화경...오래 살아라...
271560,안보이나했다
271560,졌다.2
271560,와.졌다.
271560,바닥에서
271560,오늘은더하네ㅜ
271560,오늘은더하네ㅜ
271560,오너일가가 아주 뱀같은 부류임
271560,8만 9천
271560,또라이 시끼들
271560,신한젓나욕했더니
271560,종가92500
271560,감자 농가 살리기보다 주주 좀 살려주소
271560,감자 농가 살리기보다 주주 좀 살려주소
271560,내가 100주 팔아서 비용될테니.,시위 함 하자..
271940,이틀 연속 공매가 20%정도라....
271940,18
271940,메릴린치 뽕빨났다.
271940,회사의 대응이 너무 아쉽네요
271940,트럼프 유죄
271940,일진하이솔루스 주가 전망 기관별 목표주가 업사이드 분석
271940,ㄱ
271940,월욜 한방 보여주자
271940,단타쟁이들.,
271940,28000주 뭐나 ?  급매물이냐
271940,즉시매도하고
271940,엔케이 ㅡ절대금지 물림
271940,그래도~~
271940,매도한사람들은
271940,레알개잡주
271940,어제팔까말까
271940,시총이  1조네
271940,적자주식팔고
271940,적자주식팔고...
271940,신규시설투자
272210,1만7천 깨지는거 보고 
272210,2분기 실적은 훨씬 좋음
272210,1분기 대비 2분기는 많이 안좋음
272210,방산주 ?
272210,다들   
272210,갬이들 로또 잡앗네 ~~~~~
272210,오래 기다렸어요
272210,한화
272210,오죽하면 
272210,꼭 동시호가 쳐 내리네 @##들이
272210,16900원 5만주 매도
272210,16900원 5만주 매도
272210,이거 왜이러는걸까요
272210,신한 이 ㅅㄲ들
272210,개인의 대응
272210,환경의 날에....
272210,이정도 하방이면 다음주 15000원 가능?
272210,안내드립니다 여러분~!!
272210,내릴때  욕하지 말고
272210,신한투기증권  gsseggg네
280360,초고수
280360,롯데웰푸드 레포트
280360,좀 가자 흐르지말고
280360,6월 큰 수익줄것
280360,이 기 무 ? 릴 리 규???
280360,씨발 애미없는 종목
280360,k과자 실적 우상향
280360,오늘 픽한놈중엔 
280360,뭐야??
280360,롯데웰푸드, 실적 개선 기대감에 52주 신고가
280360,오늘은~
280360,진입만 잘 드갔으면 개꿀
280360,끝
280360,3년 기다렸다 
280360,큰형
280360,상한가  한번 치자~
280360,스큐류바 죠스바제로 먹으면
280360,인도 폭염 수혜주
280360,금년말 50만원 : 이후 액분
280360,분할매도
282330,주식초보입니다 평단 118420원입니다ㅠㅠ
282330,기관은
282330,한 번만 시원하게 내리 꽂으면
282330,내 평단 볼때마다
282330,슬슬 올라가나 했더니
282330,동네점빵장사가 시총이?
282330,편의점 아니랄까바 바코드질 하고있네..
282330,아몰랑 추매 개미파워간당
282330,조용히받아먹는
282330,오늘도 12보고
282330,매출하고 영익이 계속 증가하는데 주가는 최저가다?
282330,흠 곧 가려나?
282330,해외에서 삼양라면 미치게 팔리는데
282330,그만 좀 쳐눌러라.. 거래량도 없구만
282330,IR담당자 연락처: 02-528-9917 전화 또 해야 할듯..
282330,프로그램 매도 끝이 없네..
282330,갈때 된거 같은데.. 이제 쫌 가자~
282330,현시점 최악의 개잡주 넘버3
282330,비지에프 ssm 시장으로 진출해야
282330,현직점주입니다
285130,20만원 하던게
285130,역시 쓰레기 중에 최고 쓰레기
285130,최고의 개잡주
285130,롯데는..
285130,폭등이노
285130,SK그룹주
285130,여깅 우선주가 멍청하니
285130,어차피 빠질려면 확 빠져라
285130,우량 종?
285130,포항 땅이라도 사서 석유 관련으로 엮어가자
285130,야이 OOO들아
285130,평단달리기..
285130,기업가치 BPS가 11만원이 넘는데
285130,차트보면 계단식으로
285130,창원이 이너무자식아
285130,대단혀!
285130,이..   주식.대표?
285130,찐 웬수한테 권하는주식
285130,대체왜...
285130,다들  평단이?
298020,29만원 만들어놔
298020,오너가 쓰레기네 형제끼리 그릇만 존나챙기고
298020,기다리면 6층 오나요?
298020,금융투자소득세 금투세 알아보기
298020,뭐하는 짓일까?
298020,419에 안팔고 존버했더니 마이너스네 개잡주
298020,스판덱스가격
298020,리포트 
298020,흉성
298020,지수가2프로다 거꾸로가고자빠졌냐
298020,사명이
298020,예전  어떤분이 80만원 위에 추매하고
298020,?(주)효성:효티(20.3%)
298020,이런잡주 손질치니 오르네
298020,진짜 이번에는
298020,'가족화해' 조석래 유언 따라 차남에 유류분 이상 지분 넘겨
298020,상속문제는 끝났고 액면분할은 언제하나요??
298020,주식 담보가치 늘리려면 액면분할이 정답이다
298020,무상증자 10배
298020,상한가 
298050,스벌
298050,패턴이
298050,전형적인
298050,즐
298050,ㅆㄹㄱ 회사 주구장창 쳐내리네
298050,거참
298050,좋은 소식좀없나
298050,효성첨단소재 레포트
298050,금융투자소득세(금투세) 정리
298050,ㅋㅋ전쟁나면 간다메 ㅋㅋㅋ
298050,이것도  아나인가
298050,ㅎㅎ
298050,오늘도 목표가 올리고 
298050,2년동안
298050,채.보 기간 1년 
298050,OOO
298050,내비두어라
298050,이 주식은 별나라 주식인가?
298050,ㄸ느
298050,왜이래 이거..
300720,동호회 몇놈이..
300720,내가 석유 시추때문에
300720,▶ 한일시멘트 모레에 수 급..
300720,주제에 밑장빼기하네
300720,하... 주주들
300720,고려시멘트가
300720,프로그램 매도
300720,시외상
300720,심해에 공구리 타설하려면 
300720,심해라 시멘트 굳히기 시멘트 존나 많이 사용될듯
300720,드디어 시작인가 ㅡ거대한테마 ㅡ니켈테마
300720,주식잘하는법
300720,개미말고 다 팜 ㅋㅋㅋㅋㅋ..
300720,오지게 물렸다
300720,추가 뉴스속보.. 대박ㅋㅋ
300720,종가배팅 완료
300720,탈출하는 법은 시간외상한가
300720,종가입성하긴했는데
300720,재미난 주가 움직임
300720,나락가다가
302440,장후시간외 팔아주세요
302440,하이고~
302440,내가 잘못찾아왔나?
302440,주워담자
302440,마이너스 70%라 감흥이 없다
302440,진짜 진심 궁금하다
302440,종가 5만2천이다
302440,진심 물려있지만 이건아닌듯
302440,오릅니다.
302440,OOO같은 주식
302440,OOO같은 주식
302440,바겐세일이 아니라
302440,이제부터  달리는겨?
302440,이제부터  달리는겨?
302440,슬슬 개미꼬시기
302440,바이오usa에서 제발 뭐 좀 따와라
302440,최근 안동공장 족구대회 우승팀이 나왔습니다
302440,조달청 계약도 
302440,ㅎㅎ 닝게르 꼿네
302440,최회장 위자료 내야 댑니다
316140,10원
316140,기관놈들 알아서 팔아주는데
316140,뉴스떳다
316140,못 올랐으니 하락도 제한적
316140,kb 하나 급반등 중
316140,우리금융 올해 추정 PER 3.55 실화냐?
316140,우리금융지주 투자금별 배당금 확인해보세요~
316140,14층이
316140,우리금융지주 
316140,앞으로 월배당시대
316140,키 맞추기 하네요
316140,배당금
316140,거래량 시궁창
316140,kang****님
316140,은행주
316140,kang****님
316140,금투세 때문에
316140,내년에 더불어민주당
316140,설마
316140,웃으며 매수
323410,상장 이후 가장 저가가 얼마인가요?
323410,붕어들이라...물속에서 안나오네...ㅋㅋ그래, 나오기 시르면..나오지마...물속에서 놀자꾸나...
323410,오늘 입성했습니다
323410,오후엔 가두리양식
323410,불법 공매도 - 카뱅 금감원 신고
323410,주가조작범 공매도중
323410,카뱅 주가 방어 잘되네요.
323410,카카오 언제망해연
323410,아  ,,,
323410,붕어자슥이..드뎌..숨쉬러 올라오는군...ㅋㅋ  온김에..새되라..날아보라구...ㅋㅋ 진짜 새되지말고...ㅋㅋ
323410,주가조작범 엄창
323410,얼마나
323410,공매도 대차거래
323410,평단 - 75%
323410,카뱅말고 케뱅 
323410,대단하네 
323410,내일장 볼만하겠네
323410,도망
323410,내일 폭등
323410,150원주는주식을
326030,개구라아 아 아 앙
326030,그리 ㅂ ㅅ 
326030,내 장투종목^^
326030,그리 ㅂ ㅅ
326030,시난증?
326030,그리씨가 있어서 다행임
326030,동호회도 그리한테는 한 수 접고 들어감.
326030,개구라앙 단타선86500라
326030,피엔티 90%수익보고 전량매도하고왔쪄염 ㅎㅎ
326030,개구라앙 맞아
326030,관종 받기위해
326030,[삭제된 게시물의 답글]gree** taeg나 하수들아
326030,정신병자 하나가?
326030,바이오USA
326030,천하 제일 쓰레기 ㅋ
326030,[삭제된 게시물의 답글]gree 주요 변곡점 도달중~
326030,[삭제된 게시물의 답글]gree***근데 이곳은 이상해
326030,얘 이카다가..
326030,오늘 최소 3%정도 
326030,경제성없다는데 한두번도아니고 윤빡은
329180,외국인 반발매수 시동거나
329180,미포와 중공업 신규 입성합니다
329180,2026년 영업이익 다들 얼마로 예상하시나요??
329180,조선주가 석유 대장주임 (시추선, 석유운반선)
329180,외국인 계속파는이유?그만좀 팔아라
329180,중국 수주량 85% 한국 수주량 10% 이거는 큰 문제없나요??
329180,그렇게 내려서 큰일하것어?
329180,사기꾼 정몽준.정기선
329180,블럭딜 물량의 40%
329180,실적이 답이다~  2분기
329180,ㅋㅋ
329180,청공 의 말을믿냐 
329180,외국인 형아들...
329180,정의의 이름으로 널 용서하지안겠닷!!!
329180,금투세 폐지 국회청원 진행중
329180,많이 해라...
329180,외국인 12일 연속 순매도
329180,외인 매도 130만주  남았다
329180,냉무 
329180,진짜 대단하다
336260,오늘은
336260,2차전지에 목메는 개미들
336260,이제 그 시간이다 올리자
336260,6월14일 빅이벤트~
336260,얘들아 정신차려~~~
336260,두산퓨얼셀 사업현황
336260,네이버에 수소 검색해보삼
336260,시대를 거스리지마라
336260,맨날
336260,결국엔 수소다 현대차가 수소로 상승한다
336260,찌라시
336260,수소가 불에 잘 탄다고 하는데
336260,수소 시세상승 초입이라는 텔레보고
336260,외인형들 다시 사줘요...
336260,수소
336260,공매 
336260,오늘도 아닌거야?
336260,오늘도 아닌거야?
336260,테마 끝났는데
336260,수소사기테마 끝■■
352820,민희진 싸지른 똥
352820,버리자니 아깝고.  안버리면 소속레이블. 반란일어나게. 생겼고
352820,1차 기자회견때 빅지원 카톡대화로도 다 나온거
352820,뭐가 되었는 흥미진진하네
352820,한번 배신자 두세번 못하랴
352820,민희진 퇴사 국제 청원 사이트  밑에 가서 투표해주세요
352820,돈복사 시작
352820,하이브 vs 민씨의 난 <여론 몰이>
352820,어도어 매출액, 영업이익 하락하면 민희진은 무슨 변명을 할까?
352820,하이브 자기들이 공개해놓고 제한한다고?
352820,4대 소속사 중
352820,매출=보이그룹, 분위기=걸그룹이었지
352820,그렇게 생각 해서 우물안 개구리...
352820,내가 오너라면 남자답게
352820,♡1박2일 뉴진스 많관부♡
352820,아아 ~~ 마루타 아가야~~
352820,방뚱.. 망해가던 시절을 떠올려라
352820,20대30대40대  여자들 군대보내라.
352820,뉴진스 민희진 까는 언플이 없을때 사라
352820,하이브 내용을 열람 금지 신청한거야
361610,성지글(복.붙.이틀만에 증명했다)
361610,진짜. 이 개. 세가들아 
361610,진짜야가치가운전하네
361610,혼자 동시호가까지
361610,상한가
361610,종가까지 빨간게 가능하네?
361610,주주님들 축하드립니다 .
361610,오늘 골드만삭스가 안나타나서 살았다
361610,헛소리하지마라
361610,여기 인간지표들이 곡소리날때가
361610,아마존에 인수 될 가능성 있을까요
361610,화성벨브
361610,고등어요.
361610,고등어요.
361610,SK이노랑 막상막하네.......
361610,일본
361610,공부좀하고 주식해 
361610,4주동안 2만원 뺏고 오늘 동전 몇개 던져주니
361610,SK
361610,공부좀하고 주식해 
373220,성지글(복.붙.이틀만에 증명했다)
373220,아니 상식적으로 말해보자
373220,LG에너지솔루션 가지고 계신 분들
373220,좋아
373220,35.15입성
373220,35.15입성
373220,32대 평단 않팔어
373220,연기금넘들 
373220,평단 37인데 괜찮은편임?
373220,잘하면
373220,개G같은
373220,증권사넘들아
373220,똥주 잘 팔았다...
373220,똥주 잘 팔았다...
373220,모두다 상한가걸기합시다
373220,350000만깨진다 봐라
373220,LG에너지솔루션 다음장 확정
373220,금요일부터
373220,기관은 이틀간 30만주 투매하고 다시잡냐?
373220,월70만원방 무료입장이 가능하십니다.,..!!!
375500,최대주주는 이앤씨 
375500,항만 수익 1년에 얼마냐 ㅋㅋ
375500,DL 로 오세요~~~~~
375500,금리나 떨궈라
375500,바다가 dl꺼냐?ㅋㅋㅋㅋㅋㅋㅋ웃겨죽것네..바다에서 채취하는데
375500,괜히 말도 안되는 포항 생각하지 말고..
375500,시총 작은 우선주도 좋다
375500,항만 ㅋㅋㅋ
375500,DL도 가는데...
375500,천공 유튜브 강의 듣고 원유가스 시추 발표
375500,2260조??
375500,시간외단일가...많이 떨어졌네요???
375500,와..눈아퍼 있다 있어..
375500,5퍼먹고 손절
375500,갑자기 일어난 일로...
375500,연기금은 꼭 주가 오르랑할때 재를 부리더라
375500,유전 나오면 누가 가장수혜볼까?
375500,너무 웃긴 세상이야... 포항영일만 신항만 지분 30% 때문에 오른거라니
375500,너무 웃긴 세상이야... 포항영일만 신항만 지분 30% 때문에 오른거라니
375500,유전이고 초전도체고 만들어도 내평단 안댐
377300,버린 개잡주 ㅋㅋㅋ 금요일 -1천원 
377300,아~~~
377300,카카오페이 7월까지 최소45000원간다..
377300,나간다 ~~차트가 25까지네 ㅋㅋ
377300,나간다 ~~차트가 25까지네 ㅋㅋ
377300,나간다 ~~차트가 25까지네 ㅋㅋ
377300,삼백언이나?
377300,기도값 안나오네
377300,마지막탄
377300,25000원가자
377300,금요일 -1천이상 하락 예정 ㅋㅋ
377300,?케 틀딱들이 많이 출몰하냐?
377300,이가격에 안사면 언제살래;
377300,이가격에 안사면 언제살래;
377300,빨리빨리 올라가자.
377300,per가 4400 ㅋㅋㅋㅋㅋㅋㅋㅋㅋㅋㅋㅋㅋㅋㅋㅋㅋㅋㅋㅋㅋㅋㅋㅋㅋㅋㅋㅋ
377300,꼬시기다. 저번주 4% 땡기고 박았지
377300,이거 상폐 떳나요?
377300,모래부터 아 수요일 왜 안샀을가 후회말고 사여
377300,버티네
383220,수급은 쓰레기..외국인 장난질..
383220,형이 간다고 했자나
383220,팔았다 단타충 안나오냐?
383220,VI까지 갈 기세^^
383220,F&F 주주들은..
383220,슈팅 ㄱㄱ 
383220,진짜 또 말하는데 66층 위에서 또안던진사람없제?
383220,어제까지도 회사에서 계속 매수하더니만.
383220,어제까지도 회사에서 계속 매수하더니만.
383220,평단63500 나이스~~ 휴장 전날 날아 가는구나~~~~
383220,형이간다 했제 가즈아
383220,중국 진출 6년차
383220,홀딩스가 단타를 치잖아. 
383220,하누리 애널 리포트가 악의적이긴 해
383220,안다르가
383220,형이 초반부터 외쳐왔던
383220,형왔다
383220,여기가 mlb모자 만드는데 아니냐?
383220,증권사 목표 8만원 뭔소린지 몰라?
383220,원 히트 원더
402340,외인님들
402340,개  씁 벌 러므 주식
402340,렐리는 7월부터 ㅋㅋㅋㅋ
402340,ㅋㅋ잘가라
402340,아니 누가 이렇게 무식하게 사?
402340,하이닉스 지분가치만 28조
402340,SK스퀘어 리포트
402340,이거 하이닉스랑 같이 움직이나요?
402340,쓰바 석유 가스로 몰리네 ㅎㅎㅎㅎ
402340,22대 국회 출범. 새롭게 올라온 금투세 폐지 청원 안내
402340,묻어두면 크게 갈 주식임
402340,외인 프리젠트♡
402340,ㅋㅋㅋㅋㅋㅋㅋㅋㅋㅋㅋㅋㅋㅋㅋㅋㅋㅋㅋㅋㅋㅋㅋ
402340,sk 기관 매수, 외인 매도
402340,Sk스퀘어 레포트
402340,합병?
402340,종목 잘 골라야
402340,SK랑 스퀘어 합병할 가능성 농후
402340,SK스퀘어 리포트
402340,sk  최대 캐쉬카우 회사
450080,어제까지 외인 보유 0.47%
450080,역헤더앤솔더…
450080,그거아니?
450080,외국인 탈출 기관물림 ㅎㅎㅎ
450080,성지글(복.붙.이틀만에 증명했다)
450080,평단19라 추매밖에답없는1인 ㅠ
450080,평단19라 추매밖에답없는1인 ㅠ
450080,개관이 누르며 매집 연기금도
450080,거래다금상위
450080,또또 ㅋㅋ -50%빼고 +15% 올려?다고 전문가들 다 ?지?ㅋㅋ
450080,▶ 에코프로머티 모레에 수 급..
450080,외인들 다나가고
450080,월70만원방 무료입장이 가능하십니다.,..!!!
450080,형님들 평단 21만원 70주 있는데 물타기 할까여?
450080,형님들 평단 21만원 70주 있는데 물타기 할까여?
450080,연기금의 머티사랑~
450080,매도량이 이랗게 많은데
450080,10만원무조건가요
450080,14프로올랐는데
450080,슬슬 기사 올라오네요
005930,엔비디아  승
005930,고속도로 ㆍ포항제철소
005930,-하늘에 계신 우리아버지.ㅡ아버지의 이름이 거룩히 빛나시며.
005930,좀 수상한거 알려드림
005930,이거 진짠가요?
005930,혈세 도동년 돼정숙, 김폐경
005930,아내가 원한 것이 아니다.
005930,@엔디비아 관련주 상승세 점검
005930,매장량140억배럴  신뢰할수있는가?
005930,매장량140억배럴  신뢰할수있는가?
005930,[단독]‘김혜경, 관용차 사적 이용’ 5천만 원 배임 기소 검토 | 뉴스A
005930,김건희도  조사하자?
005930,이번주 9만원까지 봐도 되겠네요!!
005930,액트지오 연매출 3,800만원 1인 기업
005930,추 ㅁㅣㅈ ㅏ 6. 행 ㅅ ㅣ?ㅎㅎㅎ
005930,대통령 이  왕이냐?  이색끼야 
005930,북한또머하냐
005930,혈세1억 도독질한 도동년 김폐경
005930,중국에서 처음 유인우주선 개발했다는 소식이 나왔을때
005930,#민주당은 포항앞 석유산출 싫은 듯 ㅉㅉ
000660,.
000660,솔직히 한도끝도없이
000660,젠슨 형 고마워! 괜히 사인한게 아니었네”…삼성전자 개미들, 이제 한 풀 일만
000660,역시 개관이다.
000660,경쟁유도 발언
000660,김정호 카이스트 교수 HBM의 아버지께 감사하자 ~!
000660,젠슨 황 “삼성전자·SK하이닉스·마이크론서 HBM 공급 받을 것”
000660,내가 볼때에는 싸가지 없는 서울 변태들이 문제돠.ㅡ
000660,[삭제된 게시물의 답글]삼전 게시판에 올려
000660,삼전 하닉 둘다 납품 해도 모자른 다는데
000660,이 ㅡ큰 구원을 등한히 여기면 ㅡ어찌 살리요 우리를 우리 영혼을
000660,리딩방 광고..
000660,하닉 관련 이벤트...
000660,선방했네
000660,개미들 석유주에 관심쏠릴때
000660,닉스 엔비아에 20%가격 인상 통보 
000660,젠스 형 말한미디에....
000660,■역시 주식선물 매도 잘쳤네.ㅋㅋ
000660,개같네
000660,지긋 지긋 하다! 동시호가 떨구기! 1000원을 떨구네!!
005380,그까이 인도법인 IPO하고 상관없지ㅎ
005380,주가가 오르면 상속세 대박인데 누구좋으라고 주가 올리노 ?
005380,1개월
005380,돔황차 !? ㅠㅠ
005380,현대차 가지고 계신 분들
005380,입좀 닫아라 다들 
005380,모레부터 급락
005380,공시 내말이 맞지 ?ㅋㅋㅋㅋ
005380,다들 알잖아 공시 원래 한번에 결론 안남
005380,내 이랄줄 알았다 ㅅㅂ
005380,현대자동차(주) 풍문 또는 보도에 대한 해명(미확정)
005380,거대한 공기 흡입구가 고성능 슈퍼카의 이미지를 연출하는데, 그릴과 디자인을 공유했다. 다이아몬드 컷 형태의 패턴이 삽입되었고, 중앙으로 날카롭게
005380,오늘 공시나온다고 하더만 뭐냐
005380,이주식은 몽구 할배 바이바이 하셔야 감
005380,동시호가
005380,동시호가
005380,쌍끌이 매수인데
005380,종가 개밥그릇같이 끝났네
005380,이 큰 ㅣ 구원을 등한히 여기면 어찌 ㅡ살리요
005380,갈자리 못가면 급락 차트
000270,12만원 넘기
000270,[[■■■■]][[■■■■]][[■■■■]][[■■■■]][[■■■■]][[■■■■]][[■■■■]][[■■■■]][[■■■■]]
000270,오늘 현대차에서 기아로 교체한 사유
000270,오늘 현대차에서 기아로 교체한 사유
000270,오늘 현대차에서 기아로 교체한 사유
000270,ㅋㅋㅋ
000270,종가로몰빵
000270,쓰레기.
000270,장마감에 장난하는 사람
000270,휴스틸로 오세요
000270,3시. 저주받은주
000270,[삭제된 게시물의 답글]★ 이 도배 병자는
000270,진짜 너무심하네
000270,쫌가자
000270,120000.
000270,아이고지겨워 아이고지겨워
000270,스왑.
000270,현대차 보합가면
000270,강력한 12만원 뿅망치
000270,빅빅빅빅ㅡㅡㅡㅡ뉴스다
068270,셀트 시외는 굳이 보지마라이
068270,셀 층들 특징
068270,시외상이였는데 잠깐사이에
068270,애는 컨트롤이 않돼
068270,셀트리온 내년 가치에 투자
068270,시간외
068270,시간외 상 축하드립니다
068270,서회장님! 기관투자 설명회 예정!
068270,요즘 정석이 그놈 뭐하고있나요?
068270,연기금 133.619주 매수!
068270,개미 심리전에 말려서
068270,모지리 항상 똑가튼 멘트
068270,띨띨한
068270,기저귀 찰 시간임니다…
068270,개인만 30만주 매도
068270,17 매수 19 매도
068270,현충일
068270,셀트리온 
068270,개 풀뜯어 먹는 뇌송송 구멍송송 뚫린 야그하고 뒤비졌네 
068270,오늘 풋 제대루 잡앗다
005490,POSCO홀딩스**특급*비밀**단타 맛집 ^^
005490,매수하자
005490,하라는 자사주 소각은 안하고
005490,소각 분할 하지마 대신
005490,EU 다음 달 중국산 전기차 고율 관세 예고
005490,POSCO홀딩스 가지고 계신 분들
005490,포스코홀딩스는 보고서를 의무 공시하기 시작한 2019년부터 가장 높은 준수율을 유지했으며, 2021년 이후 지난해를 제외하고 15개 항목 100
005490,항공모함 포홀
005490,내일 하루 쉬고 또 꼬라박은 아니길
005490,성지글(복.붙.이틀만에 증명했다)
005490,형 천주가지고 있는데
005490,시장조성자 공매도는 업틱룰도 적용안되냐
005490,든든하다 혀지 안혔냐?? 
005490,포홀
005490,영일만 석유도 일본눈치
005490,포홀회장 속히 자리에서 내려온나 !
005490,뭐지
005490,최근.2차전지 상승중 포홀은?
005490,최근.2차전지 상승중 포홀은?
005490,장노인 
035420,연기금이 사면
035420,연기금사는거보니 
035420,동해 석유·가스전 분석한 미국 박사
035420,NAVER 가지고 계신 분들
035420,매도해라
035420,기관은 알고 있다
035420,2014년에 샀다면 지금도 2배인 주식
035420,17만원대에서는 무조건매수
035420,카이스트 
035420,외국형아들 오늘도 알차게 팔아먹었노
035420,이OOO주식은
035420,동시호가 급락
035420,대표가 직접매수해서라도 인간적으로 20만원위로 한번와라 좀.....
035420,대표가 직접매수해서라도 인간적으로 20만원위로 한번와라 좀.....
035420,쓰레기주ㅋㅋ
035420,뭐냐?
035420,딱17만원이 바닥이였나
035420,네이버 쑵새야
035420,윤 동해 폰지 사기
035420,이거 그래도
006400,유럽시장은 삼성sdi가 꽉잡고있다
006400,개기금 파는척 하더니 결국 장막에 사는구나!
006400,성지글(복.붙.이틀만에 증명했다)
006400,삼성SDI 가지고 계신 분들
006400,낼은 쩜하다. 쉬는 날이라 괘안ㅎ
006400,아니땐 굴뚝에 연기난다고....
006400,와~~
006400,쌍끌이 매수했네 드디어 외인 들어오는구나
006400,드디어..
006400,주가 끌어내리는거 봐라
006400,금요일 종가 41만원 예상
006400,켐트로스 > 노앤파트너스 인수합병 소식
006400,보합 5분전. ㅅㅅㅅ
006400,종가  보합이다 봐라한번 ㅅ
006400,[공시] 추매
006400,배터리 매도는 삼스디가 다 때려맞는중
006400,힘이 약해
006400,프매도 전환
006400,오늘도 아래로 조작질 하는구나
006400,주주톡방 없어졌네요???
051910,55만윈 81주다
051910,성지글(복.붙.이틀만에 증명했다)
051910,LG화학 가지고 계신 분들
051910,17500주 
051910,?바주 금요일 -2만 갈듯 ㅋㅋ
051910,ㅋㅋㅋㅋㅋㅋㅋㅋㅋㅋㅋㅋ
051910,켐트로스 > 노앤파트너스 인수합병 소식
051910,사모펀드는 천하무적이군
051910,lg화학은 똘기가 있기에..
051910,리딩방에 속지들 마라
051910,조정줄꺼니깐 잠시 삼전으로 이동..
051910,사모펀드놈들 죽어라 막는군 ㅋㅋ
051910,삼전이 살렸네..
051910,월70만원방 무료입장이 가능하십니다.,..!!!
051910,니들이 돈이 없지 시간이 없냐?? 남는게 시간이면 시간이라도 투자해라
051910,이대로 뻘짓 쪽바리 신한 잠잠하면 종가 38
051910,굿 !
051910,40만에 물린 개미들아
051910,40만에 물린 개미들아
051910,엘화 타임 시작???
028260,개새
028260,노는물이 영 더럽다
028260,종까
028260,찐짜
028260,코스피 상승장에
028260,하
028260,똥물은
028260,국장은
028260,종까
028260,청산혀
028260,배당 아껴 부자 됐지
028260,개념없는 물산이네
028260,개
028260,합병사기 삼성물산 IR 02-3458-3139
028260,거래 좀 하소
028260,죽어야 사는디
028260,서울고법
028260,인생  후회스럽다
028260,합병사기 밸류다운 먹튀가 핵심사업이자 이재용의 경영(도적질) 마인드
028260,대한민국 대표주식리딩방 1호
055550,일제의 만행에 순직하신 애국지사를
055550,42000 원부터 자사주매입 
055550,연기금아..흑자..배당주는 가지고 가는거야..
055550,아니 오른것도 없이 왜 떨어지냐
055550,미 금리인하 예정..ㄷㄷㄷ
055550,재수없는생기들
055550,신한지주 per가 제약바이오보다 높아???
055550,자사주매입=주가하락 K주식공식
055550,금투세 폐지 동의 필수!!
055550,bnp 다 팔았다며??ㅋㅋㅋ
055550,미꾸라지한테 물려써
055550,미 금리인하 예정..ㄷㄷㄷ
055550,45,550 150주 들어왔습니다.
055550,오늘도 쉰나게 국장때리던데 왜 떨어진데???
055550,신한은 오른것도 별로 없는데 동반하락하누
055550,신한은 안올라요...
055550,현시점 저평가 금융보험주는 현대해상뿐이다
055550,또시작이네  옘병하네 진짜
055550,어엉엉...나 물렸나봐
055550,신한=새한국=아름다운 나라로
003670,박순혁이 8대종목에 포퓨가 빠진이유
003670,포스코퓨처엠 가지고 계신 분들
003670,포스코퓨처엠의 궁극적 사업 가치를 44조원이라고 평가. 기업가치 개선에 필요한 점은 과거 수준의 양극재 사업마진 회복과 음극재 부문의 수익성 정
003670,성지글(복.붙.이틀만에 증명했다)
003670,빠떼리 아저씨 말대로 투자하면 떼돈번다
003670,빠떼리 아저씨 말대로 투자하면 떼돈번다
003670,빠떼리 아저씨 말대로 투자하면 떼돈번다
003670,빠떼리 아저씨 말대로 투자하면 떼돈번다
003670,고점 대비 장장 1년째 기다렸다, 이젠 속여 먹지 말고 가자!!
003670,매물
003670,오늘 느꼈음(틀릴수도 있지민)
003670,포스코와 에코프로비엠 비교
003670,포스코와 에코프로비엠 비교
003670,42주 뭐냐..
003670,엔비디아
003670,이왕이면
003670,올라도 올라도
003670,500원씩 질질질 계속 흘러 내리는중ㅋㅋ
003670,개인만
003670,이제는
012330,얘는 HL 만도하고 상관 없음??
012330,Jp 골드만
012330,모비스는
012330,■■■■ 골드만 저게 외인이라고
012330,우린 그저
012330,허우적 
012330,물타기도 싫어 있었더니 아 손절마렵다
012330,현대차 반에 반도ㅠ못따라가네
012330,아 저받은 회사
012330,매수추매몰빵
012330,천하의 개잡주
012330,아 묘비스 진짜 개꿀 엌ㅋㅋㅋㅋㅋ
012330,모비스는
012330,오늘 상한가 갑시다
012330,25층 구조대 필요해요
012330,누가 벼랑끝에선 개인투자자를 죽음으로 몰고가나
012330,개 ㅈ도
012330,오늘도
012330,연기금 트레이딩팀 저놈들 다 ai로 교체해야함
012330,연기금 정말 니가 짱이다
035720,임원들 주식수.. ㄷㄷ
035720,임원이 300주매수 ㅋㅋㅋㅋ
035720,뭐야 조정?
035720,카카오 정신아 대표이사 "주주가치가 제일 중요하다 주가제고 우선시 될것 신뢰가 중요"
035720,이렇게....
035720,카카오는 빨리 망해라.
035720,휴 석유주 상한가 다음날에라도 들어가서 
035720,암카오 ㅋㅋ
035720,올리는척~
035720,다음주는 떡상가겠지
035720,징글징글하다
035720,지랄을 하네요
035720,카카오 정말힘든회사다
035720,휴스틸로 오세요
035720,3일연속 양봉인데
035720,외면받는 기업
035720,슈퍼개미들어왔나
035720,카카오
035720," 걱정하지 말아라 ! " 
035720,그래 44,800원
086790,머하냐?
086790,외인 자슥들 결국
086790,빅빅빅빅ㅡㅡㅡ뉴스다
086790,개쑤레기!
086790,개 쓰레기주
086790,일단 후퇴
086790,하나금융지주 투자금별 배당금
086790,제일 쓰레기 금융주
086790,손절
086790,못오르게 막내
086790,안돼!!!!!!!!!!!!!!!!!!!!!!!! 내돈!!!!!!!!!!!!!!!!!!
086790,공포에 매수하라
086790,하나금융이 제약바이오보다 추정per 높아 ???
086790,천공스승님 살려주세요 
086790,자사주 소각안하냐
086790,개 쓰레기주
086790,ㅈㅅㅈ 십색
086790,내일도 급락한다
086790,전국민거지되는것보다
086790,진성준이 누군데 황제임?
066570,역시나...LG전자
066570,이야 쌈영감 요새 약 잘 챙겨먹나 보네?
066570,머라 할것도 없네그려
066570,이틀전 다 정리한후  한국가스공사로 들어가는데 대박
066570,몇날 몇칠동안
066570,매일매일 같은패턴입니다.
066570,개미호구들털렸네놀리더니곡소리들리는구나
066570,개 쓰레기 잡주
066570,금융투자 짐승같은것들 끝까지 
066570,아마 개널과 기레기들도 이랬을거야
066570,기관이나 외인들을 꼬실만한 것
066570,주가 개 젓 같이 움직이네~~
066570,역시나 오늘도!장난질이 심하네.
066570,LG전자 3년6개월 투자자의 조언
066570,심리적 지지선 10층
066570,인위적인 주가하락의 반작용
066570,잡주처럼 움직여 봐라. 테마주처럼 
066570,오늘은 
066570,장난질 오지다 진짜.
066570,동시호가 패대기 ㅋㅋㅋ
000810,금투세 폐지 국회청원 진행중
000810,금투세 정리
000810,4대 손해보험 비교
000810,삼성화재 리포트
000810,22대 국회 출범. 새롭게 올라온 금투세 폐지 청원 안내
000810,오늘 17시 금투세 폐지를 위한 촛불대집회 
000810,[교보 신창재 vs. 어피너티] 8. 신창재 회장의 교보생명 지주사 전환 추진 (묘수 혹은 꼼수?) [1/3]
000810,ㅋㅋㅋ.
000810,금투세 폐지를 위한 촛불집회가 있습니다!!!!!
000810,배당
000810,삼성화재 리포트
000810,25만원  주기로  치른선거 금권 부정선거야
000810,벨류업. ㄱ ㅐ 족 까 네
000810,삼성화재 낙폭이 크네요.
000810,금투세 폐지를 위한 촛불집회가 있습니다!!!!!
000810,시장의 논리보다 금융당국의 입김이 더 센 현실
000810,24년 저PBR주, 관련주, 대장주, 저평가 주식 소개
000810,삼성화재 레포트
000810,공매도로 개미꿀좀 빨려고 했는데....
000810,오늘 외국인 소량 팔았는데...  (-)로 출렁이네...
032830,6월7일 주가폭등  예상
032830,연기금이 아작을 내는구나
032830,저pbr 다 회복했는데
032830,화재는 오르는데 
032830,삼성화재에 시총이 추월 당했네요
032830,빅빅빅빅ㅡㅡㅡㅡ뉴스다
032830,도대체...
032830,오늘부터 올라오는 삼성생명 기사마다~
032830,강제 배당각 받아 들여야 하나
032830,●●주가조작 교보 1초 5만주 매도
032830,자사주 소각하라!!
032830,주주환원은 눈꼽만큼도 없네
032830,이혀엉님이 바른소리 를  해줘도  맨날 지우기에
032830,삼성생명 리포트
032830,오늘사면 내일은 먹겠네
032830,1분에 300개씩 팔아제끼네
032830,참 이상한 종목이네
032830,찔끔찔끔 줄줄새네
032830,완전개사기판. 
032830,오늘포함 최근 10일
011200,산은 해진공. 김비지
011200,오늘은 외인 24만주 매수
011200,외국인 43만주 매수인데
011200,악성 수미 보거라..필독!!
011200,HBM 인가 그거 관련주 맞나요?
011200,90원ㅋㅋㅋㅋ ㅅㅂ
011200,용재 추천주ㅠ 졸망ㅠ
011200,외국놈들   매수 하면  매도 하고
011200,웁스 ㅠㅠ 동시효과 뜩락시킨자 누구입니꽈!!!!
011200,이제  알겠냐
011200,양수
011200,양수
011200,양수
011200,개미  승  외인  완패 
011200,뭔가 오늘
011200,현재까지
011200,이놈들
011200,요즘 폰겜 뭐 함?
011200,내가  이거
011200,양수 석훈이 경배
015760,한전의 폭락 가스공사의 폭등
015760,순정이고 나발이고 이제 다 버렸다
015760,까꽁이 한전 2배가넘네~
015760,■■ 북한의 똥풍선,민주당 공산주의 빨갱이들..
015760,뽀~~~ㅇ!..
015760,니가 할수있음 해봐 ㅋㅋㅋㅋㅋㅋㅋㅋ
015760,재생에너지전기와 기름가스수소발전소로
015760,한국전력은 원전관련 사업을 전면 폐지,폐기해야 옳다.
015760,한국전력은 원전관련 사업을 전면 폐지,폐기해야 옳다.
015760,20일선 위에 이쁘게 앉았네
015760,4조 공기업주가
015760,비중조절 시급
015760,18에서 보입시더
015760,2만매물 9만주
015760,와 가스 석유 전력
015760,가스공사 거래대금 터진거 대박이네
015760,물도 못타게하는종목이네
015760,한국전력 상한가 간적있나요??
015760,니 아이디 삶은소대가리 3년형 이상나올걸 ㅋㅋㅋㅋㅋ
015760,2마넌매도
003550,진짜 동시호가도 처참하네 ㅋㅋㅋ
003550,광모형
003550,세 모녀가 경영권 찾아라
003550,진심 개잡주다
003550,LG의 ‘장자 승계 원칙’을 둘러싼 구광모 회장과 ‘세 모녀’ 갈등의 전말은?
003550,사라진 '구본무 메모' 미스터리…LG 구광모 회장 상속 소송 쟁점은
003550,구광모 퇴출 시키자
003550,'상속회복청구소송'으로 골치 아픈 구광모
003550,밸류업 진심이면 자사주 전량 소각하라
003550,8만원 넘는게 그렇게 싫은거냐?
003550,매도세력 대단하네.
003550,LG, 밸류업에 대한 의지 확고' 목표 가 130,000원- 흥국증권
003550,엘지가 
003550,주가
003550,역시 헬지는 7만따리가어울려 ㅋ
003550,올리고 내릴때
003550,ㅅㅂ밸류업은 개뿔 
003550,금투세가 걱정없는 주식.
003550,조오옷 엘지
003550,얜 또 뭐함?
018260,결국 마이너스를 만드네
018260,대단하다sds
018260,대단하다sds
018260,삼성비서실 조작계좌 UBS 연일 조작 재개
018260,어떻게 물산종가 -300원과 딱 맞출까
018260,내려라 지저분한 
018260,초고수
018260,제발 
018260,현재가격대에선~~~~
018260,놀이터에선
018260,횡보~~후
018260,형님~~~~~~~~
018260,■■■■ 16만이하 매수
018260,감사합니다 
018260,이모든 핵심은
018260,지금은 주가조작 뇌물 부조리가  당연한 나라 아닌가요...
018260,삼성비서실이 신한, 맥쿼리, 모건서울로 자전 조작?
018260,역시 삼성비서실의 조작범 인증
018260,네이버,포스코DX 2.5% 전후 상승 중
018260,하락조작한 더러운 존심으로 1500주로 막기후 상승 중
034020,오늘 PER 확인하셔야 합니다
034020,불장 미리 대비하셔야할듯
034020,두빌신
034020,▶ 두산에너빌리티 모 레 정 보
034020,두산에너빌리티 주주님들 내일 공격적인매수 부탁드립니다!
034020,시간외에서 석유.가스주 고끄라 지는 중!!
034020,삼신할매요
034020,종가 동시호가에서 19250원~~~>>>19120원으로 
034020,개관 
034020,두산에너빌리티 가지고 계신 분들
034020,한심한것들 ㅉㅉㅉ 긁힌 넘들 ㅋㅋㅋㅋ 
034020,윤통..체코갈때 안된거여?
034020,그리고 체코는 깊이 검토해야한다.
034020,CF-100 은 메가트렌드 입니다
034020,3만원 언저리는 꿈이런가?
034020,3만원 언저리는 꿈이런가?
034020,두빌아~이참에 사업변경 공시 함 내라
034020,개관것들...이번에 다털고나가자!!!
034020,▶ 두산에너빌리티 모레에 수 급..
034020,내일은 쉬고 모레는 ?
034730,님들아 최회장을 믿어요
034730,유상감자(주당40만원) 실시하면 자금 해결..
034730,나의투자전략 시간외가로 100주 매수
034730,솔직히 그돈이면
034730,우선주랑 키맞우기 하나
034730,의도적으로 빼는세력이 있다
034730,에휴... 또 시작했네.
034730,SK 가지고 계신 분들
034730,이혼 처음 할때 지분 50 프로 달라했었었음 
034730,조급해하지 말자..
034730,본주챠트가 예술임
034730,공시하나 묵직한걸로 ....
034730,Sk가 실트론사준다고 하는때가 
034730,이혼시 주식으로 달라고 요구할 수도 있는 거녀?
034730,태원씨 보고있죠?
034730,젠슨 황 “삼성전자·SK하이닉스·마이크론서 HBM 공급 받을 것”
034730,실트론 10조?? ㅋㅋㅋ 1위기업이 5조인데 ㅋㅋ
034730,태원아~
034730,애들아 기법들어오면 그때가 우리가 추매할타이밍여서 
034730,눈에 보이는거는
009150,난 윤이 순진한 사람이라고 생각한다
009150,8119 종만아
009150,오늘 술 한잔 진하게 얻어 쳐 먹을려고..
009150,ㅋㅋㅋ 이너마 기를 쓰고 따라 하네
009150,내 어머니 고춘자씨
009150,오늘
009150,윤석렬 2찍 보유국. 악재
009150,막판 선물 패자~
009150,걱정마라
009150,이유라도 좀 알자!! 왜 떨어지는 것이냐?
009150,함자영 씨를 아시나요
009150,걱정마라
009150,월회비 35만 유료정보방 무료입장 되는날
009150,8119 종만아
009150,미주아로 응원한다!
009150,16에 처물렸어도 탄핵
009150,이종목은 끝낫냐...이종복씨가 20민원까지도 간다더만
009150,미주아로 형님!!
009150,게시판의 왕자
009150,저는 8119 yisu****입니다.
033780,차트상 86000원은 지탱할줄알았는데..흑흑
033780,종가 맞추기
033780,1만주 누가팜?
033780,수급이 아쉽네..
033780,담배팔이들 의무적으로 하루에 최소 3갑씩 피워라
033780,중국 시장 열리면 주당
033780,86층 안착해줘!!
033780,나는 오늘 입성!
033780,인삼? 담배? ㅋㅋㅋ 삼성전자로 와라.
033780,8만 더 빠른거야 9만 더 빠른거야
033780,바닥찍고 올라간다아아아
033780,천공 유튜브에서 담배 피우라고는 안나오나?
033780,여기서 밀리면 곳바로 82층으로 나락간다..
033780,더떨어뜨려주세요
033780,지배구조 모범 좋아하네
033780,금투세 정리
033780,7자 본다
033780,삼양식품이 급등한 이유
033780,망햇네 오늘 올라갈 자리인데
033780,2개월동안 1만원 밖에 안 떨어졌다 앞으로 2만원 더 떨어져라
017670,시탱 왜 던지고 튀는겨...
017670,월회비 35만 유료정보방 무료입장 되는날
017670,오늘 51900원은 터치하겠네 ㅎㅎ
017670,이번에 55000원돌파해보자
017670,주가상승을 원한다
017670,욕 처먹더라도 긍정 레포트 써준 홍시기....
017670,홍식이 조심
017670,SK텔레콤 배당 일정 및 전망
017670,주가올라야 대주주유리
017670,ㅋㅋ 털기 레포트네
017670,급보 지배구조이슈부각
017670,오늘 맛보기로 딱 3~5%만 오르고..
017670,애새키그룹. 애새키했네
017670,48~50층 기대하시라~~
017670,이주식은 변동성이 없네 ~
017670,민주당
017670,하루종일 51100~51300 와리가리 했는데...
017670,헉 또 물렸네
017670,죽은 노태우가 살아있는
017670,여시밀리네요ㆍ외인들의 정석
024110,대한민국이 망한 이유는 노무현과 박정희 때문이당~♡♡♡
024110,내가 느그들을 가엾게여겨서 
024110,음?
024110,■■ 저출산으로 나라 망해가는 이유.노무현,문재인 두새끼 때문
024110,기업은행 올해 예상 겨우 per 3.76 ???
024110,제7광구   
024110,와...
024110,안티가 많을때 매수 
024110,기업은행 중금채 모르면
024110,코리아
024110,오래 버텼지?
024110,금투세 얘기 고마해라
024110,능지부족
024110,기업은행 금투세 시행되면 모르면 읽으세요 기업은 중금채가 대부분
024110,이것들이
024110,기아 탈출하면 추매할테니 제발 12000대만 가자!!!!
024110,국개, 시래기들아! 너들은 세비로 호의호식~ㅎ 일 하는게 뭐 있냐..
024110,은행주 
024110,나는 왜 기업은행을 사서 이 고통을 받는가
024110,나는 왜 기업은행을 사서 이 고통을 받는가
090430,기관은 개미들 피를 빨아 먹어면서 자라고
090430,이번주 20위에 안착 
090430,기관들 초전박살, 차트쟁이 학살
090430,개생건 비중 20% 줄이고 여기로 갈아탔다
090430,콜드브루가 머징
090430,가스공사 치고나가네
090430,음봉 십자도지 떳다.
090430,아모레퍼시픽가 90% 지분을 가지고 있는 코스알엑스 아마존 판매 1위 등극
090430,얼마가 오를지는
090430,20일선이 깨지네~~
090430,그래도다행인건
090430,’알리 테무 값싸고 품질좋은 중국화장품‘
090430,자전거래
090430,외인들 죽을 맛!
090430,오늘
090430,그만하고 가자
090430,연속 10프로 빼기라~
090430,오늘 최저점 173200원에 잡았네
090430,뻘짓거리하지말고 16 깰때 사라
090430,신용
012450,종가 입성 했는데 내일
012450,주주들한테는
012450,지금 물타지 마세요
012450,한화애로코인에 입성한
012450,이건 머 ㅋ
012450,다중
012450,오늘도 한에 주주분들 수고많으셨습니다
012450,언젠가
012450,대포 존나 쏘디만 오늘은 자지탄 쐈나ㅋㅋㅋㅋ
012450,양아치짓 하니 폭락 하지
012450,어제 210000원에 비중30프로 사셨단분글에
012450,이 가격에 매도친다는 것은 
012450,hbm 개발 했다고  쓴 기자 x,,,,
012450,너무 많다
012450,한X엽 작품 잘봤습니다~~
012450,상승분
012450,날씨도 좋은데
012450,날씨도 좋은데
012450,바부
012450,보세요 포스코퓨처엠 28만원이 고점이였지
010130,자사주 없는 날 개박살
010130,매일 분통이 터져서 이러면서 액분무증 같은 부양책도 안 내놓고
010130,메리츠 개ㅅㅂ
010130,이건뭐
010130,546,000 >>>>>> 488,000
010130,고려아연 뭔일??
010130,내가 볼 때 최가 이 ㅅㄲ..
010130,100일기도 3일차
010130,ㅡ20,000원
010130,진짜 징글징글하다 회장은 허세만 부릴 줄 알고 주가는 내팽겨치고
010130,더 소각해라
010130,아 이놈의 구리 ㄴ회사
010130,회사문제보다  주식이 인기가없음
010130,고아같은 녀석이구나
010130,42  
010130,투자관점
010130,Deep Water Horizon
010130,病神같은 ㅅHㄲㅣ.. 그냥 비철금속이나
010130,지수는 급등 폭등
010130,죽고잡냐
096770,부채 55조 이자 갚기도 힘든데
096770,엄청 큰 괘씸죄를 지었구나.
096770,장난치다 외통수지?
096770,성지글(복.붙.이틀만에 증명했다)
096770,너는
096770,물적분할 쪼개기 상장 전문 기업이니?
096770,공매도가 9만원대서 매입하기위해
096770,연기금 매도 중지까지 기다려라
096770,니들  진짜  주식할줄 모른다
096770,판매왕 최태원
096770,징허긴 허네~~
096770,최태원  빨리 물러나라
096770,개연금
096770,시가보다
096770,떨어지는 것이 당연하다
096770,호재가 딴거없다
096770,리드레도님 입장하세요
096770,내 더러워서 다 던졌다
096770,선방했네
096770,2차전지 가는날도 희박한데
030200,금요일이나 다음주까지 하락 주고
030200,홍시기 거시기놈이 SKT 7만. ㅋㅋ
030200,모간이 지긋지긋 하다
030200,역시 국장은 안되겠다..
030200,국민을 개 호구로 보냐?
030200,ㅎㅎ 개잡주
030200,오늘같은날 10프로는 못가도
030200,KT 드디어 구조조정설
030200,우리도 모시자!  천공!
030200,신한 주작질 시작인거 보니
030200,느긋하게ㅋㅋㅋ
030200,여긴~
030200,2프로 떨구고 
030200,Skt 배당 이슈가...
030200,궁금한게 있습니다.
030200,Kt ms ai동맹선언
030200,MS제휴가 아주 중요한 사안인데....
030200,MS제휴가 아주 중요한 사안인데....
030200,내일….
030200,Kt
009540,월회비 35만 유료정보방 무료입장 되는날
009540,이거 왜이러나요
009540,대주주 사고방식이 주가신장의 장애요소
009540,■■ 북한의 똥풍선,민주당 공산주의 빨갱이들..
009540,멋지다
009540,ㅌㅌㅌ
009540,조선 호황이라더니  낙동강 오리알인데
009540,좁쌀 주포
009540,센티가 없네...
009540,■■ 저출산으로 나라 망해가는 이유.노무현,문재인 두새끼 때문
009540,오늘도 파란불 
009540,오늘부터 쉬는자 
009540,금투세는
009540,금투세 시행되면 보장성 보험, 의료비, 학비, 기부금등도 세액공제 못 받게 됩니다 
009540,형님들 목돈 오늘 풀매수했는데 괜찮?
009540,기업자산5000억이상 밸류업계획공시 의무화..
009540,비극
009540,이승에서 내려 본 후손들
009540,책임경영으로 HD현대를 사고 있는 정기선?
009540,내일도 무너질텐데~
042660,한화오션 다음장 속보예정..
042660,이거 지인들한테 추천하고 난 팔았는데
042660,이 악물고 버텨라
042660,떨어진다는 애들 특징
042660,이쯤되면
042660,시바리다
042660,여기주주들도대충 알잖아!?
042660,6월에 
042660,만원간다
042660,미국이 올려준다
042660,하반기부터 실적 대량적자
042660,하반기부터 실적 대량적자
042660,이럴 땐 차트를 봐야 한다.
042660,이만오천!!!! 
042660,븅틱공매도
042660,적정가
042660,Shell lng선
042660,6월말이면
042660,방송에서 조선주 이야기 할때부터 ㅋㅋㅋ
042660,방송과 유튜브 에서
047050,▶ 포스코인터내셔널 모레에 수 급..
047050,포인 이번에 같이 일안한다 나도 알아봄
047050,내일 상 가보자
047050,내일 상 가보자
047050,개투보단는 말많은 좌빨을 털고간다
047050,개미붙음 안가는거
047050,포스코인터내셔널 가지고 계신 분들
047050,Actgeo랑 함께 일해본 포스코인터네셔널이 어떻게든 정부 요청으로 협력하겠네
047050,개미 털렸니 크게 간다느니 믿지마셈
047050,기관 40만주 매수했네 3거래일 ㅎㅎ
047050,개미털렸다고할줄알았다 10%빠지고 3%반등줬다고
047050,어제는 개미들 처 물리게 하고
047050,내릴땐 -10% 오를땐 3%
047050,ㅋㅋㅋㅋㅋ
047050,개미님들 털리셨네요!
047050,금욜 ㅈ댔네 
047050,유일하게 막타임도 밀린 놈임 한국가스나 사라니까
047050,시간 외라도 매도 하세요 금요일 폭락 높음
047050,오늘 미국에서 대표가 왔으니
047050,MBC가 액트지오사 1인기업에 매출도 없다고 공격인데
010140,야이 쓰글 개잡주야
010140,달이차면 기우듯 삼성도 저무는구나
010140,수급 망 
010140,슈퍼개미들
010140,동해에 가스와 석유...음 좋네
010140,연기금은 아직도 삽질 중이네
010140,개미의 힘을 보여줍시다
010140,ㅋㅋㅋㅋㅋ
010140,ㅋㅋㅋ
010140,수주     쭝국한테    많이   뺏겼다는데
010140,개cc발
010140,이런 좆선주
010140,이 뉴스 봤어?
010140,이 뉴스 봤어?
010140,주가가썩은 송장?다 이건뭐 거꾸러가는 인생종목이다 이딴게 유가시장에 상장?으니 알만하쟈???
010140,징허게 팔아처먹네
010140,이런 개잡주가 있나
010140,ㅈ같은
010140,혹시나 했더니 역시나 신한
010140,d져주라
003490,조정받고
003490,월회비 35만 유료정보방 무료입장 되는날
003490,갑자기 먹어치운다?
003490,차트가 19 후반까지 열려있네
003490,28.5 - 까지、수직이륙 ?
003490,28.5 - 까지、수직이륙 ?
003490,비행기    구입
003490,금투세 폐지 국회청원 진행중
003490,어제도 팔고 오늘도 팔고
003490,조금씩 오르네요.
003490,항공이
003490,마지막 저항선이 4백원 남았는데
003490,대외시황이 좋아서 오늘삼
003490,다들 여행 안가냐...
003490,아직도
003490,항공사 매출순위
003490,이런 종목은
003490,이번에는 뭔가 보여줄 거 같습니다.
003490,금리 떨어져 유가떨어져 왜못오름??
003490,금리 떨어져 유가떨어져 왜못오름??
010950,개한민국에 개연기금 오늘도 쳐 팔았네 
010950,외인인줄 알았더니
010950,세계유가떨어지고 있고 오펙 분열일어나고있으니
010950,오르려고 폼잡고 있었는데
010950,잘부탁드립니다
010950,또다시
010950,낵아말했제..손절해야 올라간다고 다같이 주거라 ㅋㅋ
010950,낵아말했제..손절해야 올라간다고 다같이 주거라 ㅋㅋ
010950,디러바서
010950,ㅋㅋㅋㅋㅋㅋㅋ
010950,ㅋㅋㅋㅋㅋㅋㅋ
010950,개한민국에 개연기금 
010950,오늘 종가 상한가 나이따!!!!!!
010950,평단 6.80 30주 주주다
010950,신한
010950,장대가 나와야하는 자리네
010950,오늘은
010950,흠....
010950,흠....
010950,윤사달 거짓
005830,금투세 정리
005830,축하축하
005830,DB손해보험이 공정거래위원회로부터 DB그룹 계열사 부당 지원 조사..
005830,더 떨어질 것도 없는 잡주DB하이텍
005830,4대손해보험 비교
005830,씨티그룹이 잘 막판에 하이텍과 dn손해보험 폭탄 매울 투척했어요
005830,초초초부자 사모펀드들은 50%감세, 월급쟁이들은 세금 폭탄 
005830,여기가 100대 빵을
005830,[교보 신창재 vs. 어피너티] 8. 신창재 회장의 교보생명 지주사 전환 추진 (묘수 혹은 꼼수?) [1/3]
005830,금투세 폐지 촛불집회가 내일입니다(금투세로 연말정산 인적공제도 못함)
005830,속보속보 ㄷㄷㄷㄷ
005830,DB손해보험 리포트
005830,금투세 폐지를 위한 촛불집회가 있습니다!!!!!
005830,나라가 윤재앙이네.실손40%갱신 감독 안하냐 
005830,DB손해보험 컨퍼런스콜 분석 2024년 목표주가 업사이드 분석
005830,실손보험..갱신 40% 때리는게 맞냐 고객이 호갱이냐??
005830,Db손해보험 레포트
005830,▶ DB손해보험 익 일 정 보
005830,지점장친구왈
005830,왜?
086280,모간한테
086280,모간서울의 물량은 어디서 
086280,주주에게는 매일 엿을 먹이면서
086280,모건서울 
086280,골비 뭐해?
086280,글로비스 놀새문화?
086280,조금
086280,금투세 요약
086280,더럽게 떨구네
086280,지금은 K-영일만 석유가 대세!
086280,참 
086280,진짜 징글징글하다 OOO
086280,또 시작했네
086280,땡큐
086280,ㅋㅋㅋ또 지랄하네 ㅡㅡ
086280,문어야 잘 좀 해라..
086280,19만원만 보이면 이젠 정말 너 처분한다
086280,모건서울
086280,ㅎㅎ 역시 개잡주네
086280,6일 뺀 거 하루에 다 올렸네요
000100,전형적인 상승 패턴이네요
000100,금요일  금고때
000100,잘못적음 아깐 금액을.. 8만300원에 아까 샀어요
000100,소신껏 하세요.
000100,소신껏 하세요.
000100,잘못적음 아깐 금액을.. 8만300원에 아까 샀어요
000100,연기금 도대체 왜이래요?
000100,어느 신문기사에
000100,만일 FDA가~~~
000100,일반주  매수
000100,탁! 하고 손절을 허니
000100,내일은  순국선열에 대한
000100,에잉~~  안 팔란다
000100,유노서규를은
000100,뉴스온통  가스다  시벌  3상  개머라  아나 ㅡ
000100,점을 처보니..모레 엄청 오를거 가터~  ~~   내일은  ...
000100,대통령은 중대발표해라
000100,8만원이 통곡의 벽인가?
000100,렉라자 국내에서는
000100,종가 주차자리는 80,500원 예상
051900,여기에 세력이 있었다면 차트를 이렇게 개박살 안냈겠지
051900,이 더러운 주식은 동시호가 재앙이다.
051900,아이쿠야~
051900,이건지가 2차전지인줄아나
051900,사라고 꼬시나 팔으라고 꼬시나
051900,엄청꼬시는데
051900,막판42까지 찍을듯
051900,원전 수혜주 LG생건
051900,떨어질땐 내가 대장주~
051900,특급 뉴스인가 보다
051900,3시20분에
051900,이 종목이 제일 좋아보인다
051900,망한회사 주식 또 사네
051900,어색하다
051900,평단 413500원
051900,BTS 진 6월 12일이 전역임. CNP 모델로 진을 쓰고, 미국 공략해 보자.
051900,35에 주차해놔라
051900,35에 주차해놔라
051900,야 이거 음전 확정이네
051900,쪼금 힘든데?
010120,쯔쯔쯔
010120,외인들의  매수
010120,일렉 톡방에서 강퇴됨
010120,오늘부로
010120,에일리엇 파동 그 자체
010120,다음주 15만원 본다.
010120,올해 4월말에 10만원 아래에서
010120,개미가 샀다고 개소리하던데
010120,(백전백승) 대마불사 바겐세일 LSE ♡
010120,(백전백승) 외국인 16만주 풀매수♡♡♡
010120, 구자야~~머하냐! 자사주 소각하자!!
010120,금요일3퍼
010120,전 종배했습니다.
010120,종가배팅 100주 완료
010120,14만대 옵니다.
010120,장초에 패닉에 내던지고 탕후루 된 분들 안티로 돌변한 건가.
010120,알바들 많이 풀었내~ 공포에 사라니깐 비추박혀
010120,주가 ㅈ망이네 20만도 못지켜서
010120,프매와 외인
010120,(백전백승) 주도주 20일선 첫이탈시
022100,개미들 피가 낭자할때가 매수할때
022100,4일연속빨간거실화냐?? 
022100,몇 개월 전만 해도
022100,시외
022100,역시 힘이 생겼네
022100,6개월간   주구장창 낙수했어니!
022100,더담아야겠네
022100,오늘 조금 매수해서 평단 낮?는데
022100,이대로 올라서 
022100,신한이 처 팔지만 않아도 상한가
022100,힘을 내줘 오늘 농가 39~40 부탁한다 재발
022100,어쨌든 석유 시추하려면
022100,음
022100,뭐야
022100,다시 3.8만원 때로 올라가자 할수있다 아니 4만 갈수있다 영차 영차
022100,개스코 dx 확 치고 나가질 못하노?!
022100,종가에사서
022100,다시담자 
022100,연말까지 
022100,개미사라고 호가창 저렇게하는거야
011070,아직 공매도 세력들 상황량 부족 하다십니다
011070,대한민국은 기관이 주가 조작하면 합법이잖아 ㅋㅋㅋ
011070,시간외 단일가 거래량 뭔데
011070,개잡주 금료일 또 -4천아상 퍽락
011070,시간외 종가 뭐지?
011070,한투랑 신한 이새기들 진짜 안망하냐?
011070,한투랑 신한 이새기들 진짜 안망하냐?
011070,ㅋㅋㅋ
011070,개넘
011070,좋은 주식인줄 알았는데
011070,역시나 주가조작 ~
011070,막판에 또 주작하네
011070,역시 예상대로 종가 조작 ㅋㅋ
011070,종가
011070,패대기
011070,전약후강.?.?
011070,잘 모아가고 있네요. 
011070,냄새가 나노
011070,꼬라지가 ㅠㅠ 오늘 저가 재갱신 안하면 다행이다 ㅠㅠ
011070,닭모가지를 비틀어도
011790,이럴때 공시하나면...
011790,궁금한데 선대인tv에서 skc 왜이리 광고하는거임?
011790,저가 찍음.....
011790,혹시오늘이 말로만듣던
011790,기회 줄때
011790,Sk씨
011790,쓰레기 단타쌔끼들
011790,시퍼런 불에서
011790,전고점 넘으면
011790,구조적 성장주는 사팔하면
011790,주목해야할 점,..
011790,언제20갈래?
011790,데이터센터 전력 수요 자체 해결해라 !!!!(business post.06.05.)
011790,동박 대장은 롯데인데
011790,시총이 비싸서 그런가?
011790,개관들
011790,이제 광고보고
011790,쌍봉댁이고 뭐곤간에
011790,쌍봉이라고 하는데...
011790,152000원에 팔고 재진입
034220,찬티들도 지쳤다 ㅎㅎㅎ
034220,올해는 돈되는 중소형 성장율이 크겠네요.
034220,ㅋ.ㅋ.ㅋ.ㅋ.ㅋ
034220,개잡주
034220,●누가 또 옳았지??
034220,외국인은 주가조작  사기로 매집
034220,님들 oled 안하실거에요?
034220,거래량봐라.
034220,★20년하락 빚쟁이회사 실체★
034220,●호가창에 긁으면 뭐하냐 ㅋㅋㅋ
034220,재판받는 광모 대가리 
034220,중국은 8.6세대 전진하는데 엘디플은 뒷짐?
034220,●평단 10158원.
034220,[삭제된 게시물의 답글]보유물랑 절빈정도만 추가매집
034220,주가가 오르길 바란다면 위호가에 사야된다.
034220,담주수욜까지 1 6 0 0 억 대차상환하려면~~~
034220,담주수욜까지 1 6 0 0 억 대차상환하려면~~~
034220,상장폐지 국민청원
034220,오늘 마감 시간
034220,어라! 쫄부들이 좋은꿀 주려고 애를쓰며 진입하네. 영접해야지.
009830,나라가 힘들긴 하가보내.
009830,야는
009830,ㄹㅇ ㅈㄴ 빡치네
009830,c8
009830,j3******
009830,혔냐 안혔냐?
009830,이틀합친 공매도 금액이 14억이네.
009830,[개인] : +80,591
009830,헌화
009830,그래 기다려라
009830,절대 신규진입금지. 물린분들은 최소 2~3년 탈출 불가능. 물타기 금지.
009830,동관이성
009830,모멘텀 끝. 신규진입 절대금지. 물타기금지.
009830,[☆성지☆] 동시호가(15:20) 폭풍 설사 구간이 다가옵니다~
009830,매도,매수 비율보면
009830,2차전지 폭등...차트 기똥차네^^
009830,2차전지 폭등...차트 기똥차네^^
009830,si 발 . 암걸리겠네
009830,[☆성지☆] 광신도 같은 화나조루션 주주분들이게 바치는 이야기
009830,이사람 컨샙 조금 바꿨네.
097950,미국이 버린 주식
097950,오너리스크에 부채많은 회사를 가치투자라고 사냐
097950,이름값좀 하자
097950,버려야 할 주식
097950,줄때 팔고 나가는게 정답입니다...
097950,잡주 미국이 버림
097950,재혀나 !!
097950,적극 매수 타이밍.
097950,다음주엔 30깨겠네
097950,와우
097950,음봉이 7개
097950,나 미국 사는데 h마트랑 99마켓 가보고
097950,수요일 예상~
097950,금융투자소득석 정리 사이트
097950,역시나
097950,반등도없이 빼기만하네ㄷㄷ
097950,30일선
097950,음봉이 6개
097950,개 조오
097950,삼양이 폭등중
047810,오늘 51100원 밑에
047810,뭐여?아직
047810,수급 보니까 48 47대 찍어야 겠내여
047810,모래는
047810,수주소식은? 
047810,실적 좋은데 왠 거짓부랭이 개소리여
047810,공산화
047810,개미 돈 삥뜯어 처먹고 사는회사
047810,개미 돈 삥뜯어 처먹고 사는회사
047810,삼전보다 무거운 카이. 삼전도 2.5프로 상승이다. 개잡주야.
047810,2분기 실적 개판이라는 소문 사실인가유?
047810,대표이사부터 해임해라
047810,지겹다. 
047810,공매도 부활 언제 하나요. 지옥 정진수 처럼 부활 하는 것 맞쥬.
047810,분명 말했따!! 잃어 버린 능력 찾고
047810,2분기 실적 없는 것 삼척동자도 다 아는 사실....여기서 오르겠니?
047810,강구멍 낙하산 대표 취임후
047810,봉봉 이봐~~ 해봤어???
047810,실적 항상  개시궁창이니
047810,거봐 대세는 못 속이는거야~~
011170,장막판 동시호가 에서
011170,8%수익률먹고 나옴 ㅋㅋㅋ
011170,주가가 오를 이유가 1도 없는데
011170,롯데는
011170,롯케는 금리인하 최고의 수혜주...
011170,롯데케미칼 레포트
011170,화학주 반전귀회가 오려나
011170,상생위해 하청업체 580억 지원
011170,여보 미안해,,,,,,,,,,,,,,,,,
011170,내일 중기 골든크로스
011170,개시불기업
011170,미련 곰탱이들아
011170,석유화학 관련
011170,아 씹.. 107600에 샀었는데
011170,동빈아 팔인간들 다 팔았다.
011170,와 아침에 최저점에 사서 1퍼먹고 쨋는데
011170,[삭제된 게시물의 답글]받은글
011170,유가하락
011170,유가하락
011170,펀더멘턴 개선 사이클초입(IBK)
001570,기업만 보면 된다
001570,건강한 투자
001570,와
001570,금양은
001570,금양은
001570,금양은
001570,애플과 노키아  전기차와 자동차
001570,애플과 노키아  전기차와 자동차
001570,애플과 노키아  전기차와 자동차
001570,그만가자 개미탕 지옥만드냐?
001570,유로, narz**,ljd6** onda**, dist**, jjan**, part**, remb**, te**
001570,전부 다 사기라고 몇번을 말해 붕어들아
001570,내가 분명히 반등시 무조건 매도하라고 했지 붕어들아
001570,빡빡이 아저씨
001570,오늘도 외인들은 물량 잘 넘겼네
001570,에코프로는 
001570,오늘도
001570,순혁이 형의 저서
001570,모여 그세
001570,내사랑 금양 ^^
006260,안녕하십니까 당일 가장 높은 급락을 부르는 사람입니다.
006260,드녀 떴네요
006260,밥차
006260,멍돼들 많이
006260,제2의 에코프로????
006260,대표적인구리/전력기기종목
006260,외국인 선물에 대한 기관의 반란
006260,hd일렉 20일선 깨지면...
006260,LS는 기다림 입니다.
006260,기관이 얼마나 갖고 있길래..
006260,밥차,,,
006260,모간
006260,외계인은
006260,기관자슥들 ㅡㅡ
006260,C8 코스닥 잡쥬네...
006260,투자가 쉽지가 않네여
006260,캐zot같은 대한민국.
006260,낼모레
006260,국장의 민낯 : LS / LS ELEC
006260,어휴   회장님아.. 주주들좀 신경써제발..
029780,여긴 항상 조용해서 좋아
029780,삼성카드인버스X2 에 오신걸 환영합니다
029780,삼성카드
029780,삼성카드 최신 배당 정리
029780,주가 상승일, 대량 매도 증권사는?
029780,삼성카드 외국계 증권사 투자의견 중립이라네요.
029780,삼성카드 외국계 증권사 투자의견 중립이라네요.
029780,금투세 폐지 청원글 다시 올라왔네요 -링크-
029780,2025년 금투세
029780,전쟁 났음?
029780,갑자기 주가 빠지네..
029780,신X증권
029780,쓰리썸, 프로포폴. 사법 거래
029780,삼성카드 리포트
029780,대환이형 덕분인거냐?
029780,분기배당 주나요
029780,국세청 종합소득세 하라는데
029780,.0643 14855
029780,경애하는령도자노적봉대산신령님만만세!
029780,더 살 준비나 하자
028050,시추는 기대하지말자
028050,포항 유전, 수소 관련  엮이지 마라 
028050,22일중 19일 하락 3일 양봉
028050,과연
028050,소외주 노답 ㅋㅋ 포인 .헌국가스공사ㄱㄱ
028050,1틱에서 반나절을 ㄷㄷㄷ
028050,역하다 역해
028050,삼엔 매도 안한 ㄱ ㅅ 끼들 없제?
028050,석유시추플랜트 최대수혜는 삼엔이지!!
028050,뭐지.. 도르마무
028050,형들 이거 올라가긴해?
028050,왝더독 왝더독
028050,기름 냄새나면 다오르는데
028050,아직 갈길이 먼데..
028050,매일매일
028050,합병?
028050,2차전지주 
028050,물량 확보나 하세요
028050,도대체
028050,악재가 있나,
036570,세력 쇼에 164산 호구만 보세요
036570,이미 망작 tl 더블업 리턴즈 업뎃 한다고ㅎ
036570,코로나 바이러스같은 회사
036570,캬악 퉤
036570,붉은사막 8월 공개 ㄷㄷ
036570,자사주 오늘 매입 끝
036570,직원 4900마리면 우주왕복선도 만들겠다
036570,이제 흐르다가 종가에 또 꼬라박겠지
036570,엔씨소프트 소름끼치는 점
036570,LLL이 배그 같다길래 영상봤는데
036570,엔씨  힘내자  앗싸
036570,엔씨 인력 줄이라는것들..
036570,망작만?ㅎ
036570,시간이 없다... 
036570,엔씨 직원수 2천명까지 줄이지않는이상 투자가치없음
036570,금일 자사주
036570,오늘도 음봉ㅎ 18만 빨리 가자ㅎ
036570,곧 리니지 확인 사살 각ㅋㅋㅋ
036570,찐반등이다 고생들 했다 
036570,그래도 개미들이 똑똑하네 ㅋㅋ 10% 급등할때부터 개미들이 싹 매도하네 ㅋㅋ
003230,삼양 대단하네요
003230,삼양식품 1백50만원 찍는 시나리오
003230,금요일 하락시 추가 매수
003230,왜 상한가 간거죠?
003230,주주는 아니지만
003230,팔까?팔까?팔까?
003230,오늘 기분도 안좋은데
003230,궁금해서 그러는대
003230,하림 적정가 
003230,평단이 높아서
003230,5배 올랐다
003230,5배 올랐다
003230,어제
003230,주주환원정책
003230,오늘 예상종가
003230,+15예상
003230,그제 매수한 315주 홀딩중입니다
003230,원래 가장기다치가 높을때
003230,개인생각
003230,조아...
032640,이정도면 무능력한사장은 내려와라
032640,3시30분 마감동시호가에 9,700원 1,000주 추가매수~!
032640,같은 가두리 패턴
032640,반기 배당 줄건데... 주가는 오를 생각이 없구나. 더 담아라..
032640,하락~~
032640,무능함
032640,엘지유플러스 주주방 입니다.종목토론 하실분 오세요
032640,빚 갚기
032640,황현식이 온 후로 주가를 봐라~~
032640,형들아 내일 9500가능하나?
032640,와
032640,점점 낮아지는 박스권
032640,진짜 이 ㅂㅅ은같은 기업은
032640,형들아 9500원  도와줘
032640,주식차트 잘보는 형이 그러던데..
032640,여기 아그들아 너들은 빠뿌야~
032640,6월~~
032640,배당주
032640,현 시각 9,770원 (+120원) 드디어 날라간다~~ 얼쑤!!!
032640,Schd. 와 lg유플 중 뭐가 나을까요?
021240,동시호가마다 1%씩쭉쭉
021240,바꿔바꿔
021240,번돈 묵히지말고...
021240,리밸런싱날의 마법 음전간다
021240,하루에 한번씩...
021240,역시 약속의 5월
021240,어휴,,, 뭐 이런... 븅
021240,오늘도 폭락하는날이네
021240,오늘도 폭락하는날
021240,코웨이는 배당때문에 안오름
021240,역시 쓰 으레 귀 명품주
021240,개
021240,무난하게 5월 월봉 음봉이네
021240,단 일주일만에 5~120일선 모든 이평선 붕괴
021240,임영웅의 삼다수에
021240,코웨이는 만년 횡보주 인가?
021240,이유 없이 그냥 빠진거니 신경쓰지 마라
021240,담주도 뭐 별볼일 없겠네
021240,김 바람에 이어 소금 돌풍 예정
021240,코웨이 리포트
011780,회사는 돈을 버는데
011780,국장이 망하는 이유가 궁금하다면
011780,뭐야 공매도였어~!
011780,염치도 없어!
011780,이제 팔때다
011780,ㅋㅋㅋ
011780,니들 오늘 잣대따
011780,진짜 해도해도 너무한다
011780,그모가짜서규
011780,박준경 "선견지명" 뉴스 이후
011780,이름보고 낚였네 
011780,합성고무 회사임 석유아님
011780,주주분들 천연 고무 가격 체크하세요.
011780,사명 변경 공시
011780,전라도 회사는 믿을 만한가?
011780,금썩에 매달리지 말고 한국석유에 투자하세요
011780,우리 금석이는 식용유니?
011780,금석은 뭐 있나요?
011780,얘만 중립 박았네ㅋㅋㅋ
011780,금석은 주포 신한을 못벗어난다
006800,왜 너무 못오르지
006800,매수 금지.
006800,그럼 그렇지
006800,올라갈수가 있나
006800,빅빅빅빅ㅡㅡㅡ뉴스다
006800,금투세 폐지 국회청원 진행중
006800,다시 8처넌대로
006800,시간과 싸움
006800,똑똑한 사람은 미국주식으로 떠나고
006800,현실을 제대로 봐야합니다.
006800,현실을 제대로 봐야합니다.
006800,재수 옴 붙었는 주식이다.
006800,똥주
006800,주가상승 없는 주주환원은 사기다
006800,너무 빠지네
006800,가거라  너 고향  라도  6000원대로
006800,미래
006800,삼성이나 nh에 비해 배당수익률이
006800,이  똥주에  15년동안  탈출을 못하고 있다  ㅠㅠㅠ~~
006800,이  똥주에  15년동안  탈출을 못하고 있다  ㅠㅠㅠ~~
036460,내일 딱봐도
036460,금요일 10%후반대 급등출발 와리가리 하다가
036460,시외 사라
036460,절라도. 애들
036460,엄청 올려놨네 이거..
036460,가스공사 등기임원인~
036460,S&P "한국 유전 발견 가능성? 꿈일 뿐…
036460,뜬소문에 흔들리지마세요
036460,고래잡으러 가는중이자나
036460,산자부가
036460,와 핸들링 예술이네 단일가 피했네
036460,44600 넘겻어야 단일가라고 모지리들아
036460,대왕고래 2.200조 테마 이제시작!!
036460,속보)착시일거라네요
036460,[명언] 꿈은 이루어진다~
036460,이거 단일가 지정 아닌가보네 그럼 상한가 가지
036460,초전도와 가스전 의 공통점
036460,단기과열 들어가버리네 상남자다잉
036460,좆주당 지지자들은 다 물랑 던져라
036460,이명박정부 ":다이아 "보다
064350,차트깨짐
064350,외인
064350,무소식일 때 저들은 매집합니다.
064350,묵묵히 기다린다
064350,금욜날 날겠구나
064350,개관
064350,꼬라지 보니 독일에 넘어갔네
064350,고수 납신다 길을 비켜라
064350,모지..
064350,이놈의 주가는
064350,쓰.  레.  기. 
064350,진작에 
064350,운전조같이하네 절반 손절 
064350,운전조같이하네 절반 손절 
064350,외인들이
064350,■이번주 4만 안착~!!
064350,세력도
064350,잦같을땐 욕해주고, 잘했을땐 칭찬이쥬
064350,안티나 찬티나 똑같이 욕먹어야 하는이유
064350,여기 세력들 목표는
005940,개씹주
005940,왜~ 이러지?
005940,분당어 내 계좌 관리하는 nh 좃차장
005940,개잡주 꼴을보니 연말까지 후퇴구나
005940,금리인하 가능성이 점점 높아지고 있음
005940,왜 이 OOO만 이러지?
005940,분할매수 ㄷㄱㅈ~
005940,그냥 ㅈ같네
005940,이런
005940,다른 종목은
005940,Nh증권사 계좌식들아 
005940,마지막 거래량 100만개는 뭔가요?
005940,증권주중 NH만
005940,Nh개씨앙넘의 증관사 계좌식들아 
005940,석열이가 하는 기업부양은 잘못된 부양책이다.
005940,고점
005940,달려라
005940,NH투자증권 최신 배당 정리
005940,금투세 폐지 집회 안내입니다 
005940,속보ㄷㄷ삼성증권 먹통사태...고객 뺏어올 기회임
004020,ㅅㅂ 주담이 전화를 안받네요
004020,회상.
004020,순환출자
004020,막대한 성과급으로, 직원들을 부추켜줍시다!
004020,포트 중 유일한 아픈 손가락
004020,현대고철 청산하고 포스코와 합병해라
004020,시총만 낮아도 석유테마에 편승할텐데 ㅠㅠ
004020,차라리
004020,이거는
004020,게 쓰레기 주식
004020,딱허다.
004020,여기주주님들은 정말속상하시겠어요
004020,OOO들
004020,의도적인듯
004020,재앙이다 
004020,골드만삭스
004020,얘만 제자리냐ㅡㅡ
004020,파이프 철강주 다 슈팅 장난아니네~~
004020,미쳤나?
004020,궁금해서 외국인들에게 언제까지 팔꺼냐고 물어봤더니
078930,허가 시키들아~~
078930,와 시가총액 3조9천억
078930,천하에 개잡주~~
078930,GS 주가 보면
078930,헐~~~
078930,쭉쭉 잘 빠진다
078930,ㅋ.민쮸 또 가 탄소세 만든다고 해서.그런가 ?~GS패밀리도.ㅋ.평균가 격.마이너스.손실.상태.ㅋ.ㅋ.ㅋ.
078930,GS 창사이래 단 한번도 주주가치제고위해 아무것도 안한 저배당 주주기만기업 ~
078930,연기금 
078930,9월 금리 인하 가능성  ***2024.06.05.   100% ㅋㅋㅋ
078930,15만원 갈때까지..
078930,이종목 왜이래
078930,뭐 오른것도 없는데
078930,GS 알잖아..한국최초 UAE 원전 탐사 시추 상업가동 성공해서..
078930,유전 나오는데 뭐하노
078930,GS! 중간 배당 좀 많이 해라.
078930,국제유가 게떡락..
078930,에너지주 무더기 상한가란다.
078930,한국석유 흥구석유 한국가스공사
078930,다 빠져 곧 보합
071050,자산 5천억 이상 상장사 밸류업 계획 의무기재
071050,망해라
071050,망해라 한투
071050,상장사 인적분할 시 신주배정 금지
071050,걍 폐업해라 거지들아
071050,한국 이하고 신한 이 갖고 노는구만 어떤놈들인지...
071050,쪼매오르다 원위치
071050,상상인플러스저축은행 인수 추진
071050,주식 키움으로 옮길려구요.. 왜 신용 매매가 대부분 안되나요?
071050,저의 차트 분석에 따르면
071050,니들은 유튜브나 방송나와서 코스피가 어쩌구 저쩌구 떠들지마
071050,차트가 참 이쁘다
071050,너네도 참.. 대단하다
071050,한때는 기움과 비슷한 주가였는데..
071050,3년차 주주
071050,씬한증권 홧팅 ?투박살내라
071050,88층에 3년째 거주중...
071050,한국금융지주 김재철 김남구 김남정 일가족의 파워
071050,키움은 그래도 뭐라도 하겠다 그러는데
071050,정말 질질 흐르네...
079550,공시해석 할 줄 모르나? 
079550,차트 이쁘다 
079550,외인 3일 13만주 매수
079550,자 이제
079550,오늘로 연기금 보유량 10.27%
079550,고스트로보틱스 체크리스트
079550,ㅋㅋ 5월 29일 매수한 키움 미래
079550,오늘도 그냥 9주 추매..
079550,28년차)혼자서는 못간다니껜~
079550,28년차)혼자서는 못간다니껜~
079550,오늘도
079550,앞날은 혹시 모르니
079550,우크라이나 러시아본토 타격가능하면
079550,시나니 항궈 ... 햐...찌질한 새끼들...ㅋㅋ
079550,LIG넥스원, 283억원 규모 선급금 지급 결정
079550,오우
079550,3프로도 못가냐?
079550,좌로나 우로나 치우치지마라~
079550,예전에 들어온 장투형님들 말고 스윙투자자들 계신가요?
079550,개관들 이제 그만 항복 하시지~
001040,그래프
001040,이번 실적 발표?후 레포트를 정리 해보면
001040,외인들 무슨 생각으로 폭락에 연일 매수?
001040,명심하세요
001040,CJ 의 꼼수가 저질인 이유 - 법원 판결을 유도함
001040,올리브영은 미끼
001040,에휴 어제 팔았어야 했는데
001040,CJ 공시 초등학생도 이해하게
001040,엊그제 공시는 상당히 안 좋은 겁니다
001040,엊그제 공시는 상당히 안 좋은 겁니다
001040,엊그제 공시는 상당히 안 좋은 겁니다
001040,에휴 ㅅㅂ
001040,어제는
001040,이재현이라면 진짜 이가 갈린다..
001040,이런 작은하락에 털리지좀 마세요! 쫌!
001040,이런 작은하락에 털리지좀 마세요! 쫌!
001040,요즘은 반대매매 해결해주는 서비스도 있네여?
001040,망해라
001040,애세끼가
001040,15만원에 고점 인식
000720,신한증권 세끼들 길가다 사시미칼에 찔려 뒈
000720,작년에 이놈 신용들어갔다가 4개월간 이자만 냈는데..
000720,얘는 왜 안오르나요?
000720,슬슬 입질 혀보까 마까?
000720,실적 좋고, 금리이슈 해결되고?
000720,현건 특
000720,? 코스피 +1.3%인데요?
000720,알테오젠이나 hlb는 무서워서 
000720,가두리에
000720,7시현장출근인데 6시반까지 나오라고 이게 직장내 괴롭힘이다 노동법 위반이 수두룩한데. 주가오르것냐?
000720,화끈하게 떨궈~나락보낼라믄~
000720,[삭제된 게시물의 답글]죽은 주식이다
000720,ㅋㅋ ㅋ
000720,(신한증권이 일본 대주주)제이피모간  골드만삭스 유태인들
000720,(신한증권이 일본 대주주)제이피모간  골드만삭스 유태인들
000720,현건을 사놓고
000720,고개만 들면...때리고...
000720,욕도 아까운 개막장 주식
000720,관리자는계약직뽑고 뒷모도는 정규직시키는대기업 이런게 주가가오르것냐? 현장이개판이면 부실공사 반드시난다
000720,근데 윤석열은 왜 욕해ㅋㅋ
039490,금투세 폐지 국회청원 진행중
039490,삼년동안 배당과 사사주 매입으로만
039490,지식(知識)과 지혜(智慧)
039490,올해 자사주 매입과 배당으로
039490,다시 하방을 잡은 주가 ~~~
039490,주가 방향성 ~~~
039490,음봉 마감 ~~ 그러나????
039490,6월 1일 첫날이 음봉으로 시작되었으니 아마도~~
039490,6월의 첫째날이 중요한디~~
039490,주주환원 50퍼만 해줘도 상한가인데
039490,공무원 새끼들과 언론인 새끼들이 마약투여자들만 체포하고 보도하는 이유!
039490,신기하군요~~~
039490,너희들은 의료사고 또는 급발진 사고로 피해를 입으면...
039490,밸류업 실체 있는 애들은 오르는구나
039490,내가 종목 던지니 기각 막히게 오르네~~~
039490,갭을 매웠다~~~
039490,국민의짐 석열이가 우리 증시에서 제일 악재다.
039490,너희들은 음주운전을 하다가 견찰 새끼들에게 적발만 되도...
039490,주식의 본질 = 주주환원만 잘해봐. 우상향한다.
039490,25만원보내겠다고 공시했잔냐
035250,오늘도 7만원
035250,츄카하자...강랜 미국으로 상장이전했네
035250,지겹다
035250,매우강한 중력 
035250,개미들 연일 추매하네...
035250,배당일???
035250,올릴거면 올리고 내릴거면 내려라 좀
035250,단일가 통정거래 종목
035250,금감원에 민원 넣어요
035250,배당락일즈음에
035250,물린 사람 탈출 방법 공개
035250,조만간 폭등 할 챠트네.
035250,ㅈ@@밥랜드 배당주식으로바낏나
035250,● 롯데관광개발
035250,외국인들
035250,형이다
035250,개미탕 무거워서 안가겠구나 
035250,내가 진짜 OOO이었다.
035250,삼걸이 탓하던 놈 어디갔나?
035250,언제부터 배당주식됫노 ㅈ@@@밥됫노 ㅡㅡ
016360,msci편출 매물 소화중
016360,종자 씨가 사기성 있는 씨다
016360,삼성증권 전산 또 ㅈㄹ 이네
016360,하하
016360,예상 배당
016360,선배님들 오늘 입성했습니다~
016360,매우위험 하다 
016360,36450  강럭하다 전군 후퇴!!!
016360,올해 배당금
016360,망했네..
016360,삼증
016360,종가에 샀어야는데
016360,8월까지 가면  무조건 먹습니다
016360,8월까지 가면  무조건 먹습니다
016360,Msci 80프로 정도 정리됨
016360,총자본 증가보다 주주 가치가 더 중요하다.
016360,Msci 물량
016360,[삭제된 게시물의 답글]금일 과하게 매수
016360,msci물량
016360,ATM 항시 작동중
000150,버티기는
000150,쫄리긴하는데..
000150,당기순이익
000150,요새 외국형들 사는 기세가 심상찮다
000150,지식(知識)과 지혜(智慧)
000150,기다리세요
000150,원전에 올인 했는데
000150,현재 지분율이
000150,오늘 뭔가 손바뀜이 많이 일어나네
000150,★★개무능한 박정원이 때문에★★
000150,개짜증분이.계속
000150,금투세,조뚜다
000150,아놔..개짜증나네
000150,★★개무능한 박정원 때문에★★
000150,포항 영일신항만에 지분있구만...
000150,190층 후반이 바닥같기도 한데...
000150,오늘안간다
000150,굿뉴스 하나 나올때마다
000150,205000원에서 시작해주오
000150,외인은 계속 사는데...
003410,나 배당받고 싶운데
003410,유통주식11604천주
003410,한앤컴의 쌍용
003410,언제까지 팔아야되는지 알려주세요?
003410,.0865 712
003410,이제 매도 못하는건가요?
003410,예수님은 창조주 하나님 이십니다
003410,증권사 홈페이지 접속 - 돋보기 검색에서 "매수청구" 입력 후 검색 클릭!
003410,쌍용CE 상폐되면 돈은 언제 주나요.
003410,다들 매수청구권 반대 행사 합시다
003410,금투세 폐지 청원글 다시 올라왔네요 -링크-
003410,사모펀드의 이기주의 법 계정 “ 쌍용C&E 주주카페 ” 
003410,7010원에 계속 매수중인데
003410,쌍용C&E와 락앤락
003410,배당 상패전까지 들어오나요
003410,반대의사
003410,반대후 매도가능 문의
003410,거대자본 사모펀드의 만행
003410,얘는 차트 모양이 왜 이렇다요?
003410,신풍제지
001440,지옥 가즈아
001440,반등시잡기힘들듯 해서다시잡ㅇ
001440,이런거 봤어?
001440,사기성 리딩방 글들 많은거 보니...
001440,매동 좀 보소
001440,매일 매수
001440,아니 뭔 수주 없나?
001440,2주동안 약 30% 하락했으니
001440,영일만 원유 테마 끝나고 전력테마 복귀
001440,신용 600만주가넘어
001440,초상났네 초상났어
001440,유증가대비 
001440,ㅋㅋㅋㅋ ㅋㅋㅋㅋ ㅋㅋㅋㅋ 
001440,소외된 주식
001440,역시 개미들은
001440,내일은 연속 9일차
001440,전량정리
001440,ㅋㅋ
001440,신용3.3% 만일5%되면 빚투 1,500억이상이다.
001440,딱3개월전에 
001450,역시 대장을 사야함
001450,외인혼자 외러운 싸움했네요
001450,에라 개씹
001450,입마 삼성화재 아침장 5000원 빠졌다.
001450,이거 거래량없이 외국인 자전거래만하는듯
001450,역시 외인이 똑똑해 어제 34000주 매도 치면서 850원 하락 시키고..
001450,외인아우님들 제발 한국에 기관연기금 애들 혼내두세요..
001450,금투세 폐지 국회청원 진행중
001450,자사주소각해라
001450,애들아 수학하면 저평가인지 다 나온다.
001450,연기금 기관 넘들 현대해상 하고 철천지 
001450,기관넘들이 고히적으로 하락시키네..
001450,주가 참 어이없다
001450,이복현은 왜따라다닌거임
001450,역시 DB는 다말아올리고
001450,와..
001450,지가
001450,이거탈때마다 디비랑.비교하능데
001450,DB손보랑 따로노네
001450,내릴땐 하락폭제일큰 종목추종
010620,흑자인 한국조선해양 PBR이 0.92
010620,미포 주식 가지고 있는사람들이 
010620,여기야말로진정한 개미무덤
010620,이도저도아닌 애매한잡주
010620,신규 입성했습니다
010620,웬만한애들은 한번씩 다 올랐는데
010620,PER 150넘는 개거품
010620,코스피 연초대비 +1.4%
010620,적정시총은 1.5조
010620,지수1%오르는데 넌 뭐하니 ㅋㅋ
010620,이걸 이가격에 사는사람들이문제
010620,탱커가격이 올라도 배 수주를 해도
010620,오늘 하락으루 여기는 끝이난듯하다
010620,변죽만울리는 수퍼싸이클타령
010620,조선업은 중국에 밀릴수밖에없다
010620,배고치는 마린솔루션보다 못한
010620,오늘이
010620,올드한 조선산업이 돈될거라고보냐
010620,7만원 붕괴 폭락의 서막
010620,금투세 폐지 국회청원 진행중
004370,농심 더블랙 인기 급상승
004370,농심 더블랙 인기 급상승
004370,급등 폭풍 전야?
004370,삼양이라도 급등해야지~
004370,이 좋은날에 염병을 하네 진짜
004370,농심하면
004370,농심 리포트
004370,참나. 별걸가지고 다 흔드는구나...
004370,농심 최대 악재는
004370,5월 라면 수출추이
004370,빙그래좀 본받아라 농심이새끼야
004370,그간 삼양 만큼 못오르고 빠질땐
004370,가스 석유 때문에 소외됨!
004370,미국월마트  메인매대 선점이 애들 장난이냐?
004370,조정오면 고맙지
004370,그저 입에서 욕만 나온다
004370,삼양 똘마니가 되었군.
004370,오늘도 전약후강인가 ???
004370,역시 무조건 대장주만 잡는거네
004370,농심 리포트
002790,도찌
002790,?? 
002790,오늘은 33,000깨지겠네요.
002790,기관 개ㅈㅅㄷ
002790,ㅎㅎㅎㅎㅎㅎㅎ
002790,주가관리해라
002790,돈워리
002790,뭘 걱정하셔요?
002790,뭘 걱정하셔요?
002790,모 증권회사 리포트 헛소문 ㅡ,.ㅡ
002790,3.9에 싹 정리햇는데
002790,이렇게 세력에게
002790,한국에서 화장품 주를, 그것도 대형주를 사고 있으면 주식 감각 없는거.
002790,열받아서 
002790,개기금의 단타질!
002790,세상에
002790,아몰랑쥐
002790,오늘
002790,이게 주식거래 인가?
002790,투신 연기금 대량매도 
052690,투자자보면 개미들이 잘하네
052690,차트 이쁘다
052690,루마니아 원전 어떻게 되는겨
052690,국민들은 한전기술같은 위험한 원전기업을 반대한다.
052690,\\\ 이익충분ㅡ>원전 집중매수 ㅡ>큰장 기대됨 성공투자하세요
052690,방송서 털던데
052690,가스공사 한전 반반씩 매집
052690,SMR 한수원에 바란다
052690,유전 진짜면 싹다팔고 한전 가야하는거잖아
052690,? 관련주?
052690,어지간한
052690,\\\ 오후장 원전 추가매수 전 고점 돌파 강하게 상승 굿ㅡ>6월 상승 100,000원 돌파 기대 굿ㅡ>성공투자하세요
052690,ㅋㅋㅋ
052690,석유
052690,개국장
052690,원전을  죽이고
052690,이 놈은 이상해
052690,내려가는건 1등 잡주 기술
052690,에효
052690,원자력 아재의 원전 이벤트 일정
018880,공매 잔고가 4억 밖에없네
018880,금욜에 으뜰까요?
018880,오늘 종가에 던져서 5천에 맞춘거
018880,배당정책만 괜찮으면 좋겠는데..
018880,외놈들 종가에 자꾸 누르려고 노력하네
018880,가긴 갈텐테 짜증나는 하루
018880,시외상
018880,오늘종가
018880,할말이 없다.
018880,가자~ 친구야 가자~~~~~ㅎ
018880,신규들ㄷㅊ
018880,드디어
018880,모레 종가예측ㆍ
018880,내일 종가예측ㆍ
018880,던져도 눌러도 힘을 못받잖어
018880,오늘 종가 예측ㆍ
018880,5000원에  정지
018880,이정도면 싸다..
018880,7천원
018880,만도는 5만원가겠네
002380,아쉽지만
002380,게시판  거렁벵이들이랑
002380,볼만하네 ㅋ
002380,어우야
002380, 29 와라
002380,금투세 정리
002380,모멘티브 상장 준비
002380,어라
002380,실리콘 도움 없이 24년 영업익 4천
002380,화학주 호재 발생!!!포항 앞바다 석유 매장 개발한다고 대통이 속보냈음 
002380,잡주 
002380,kcc샀다가 벼락거지?다
002380,평단가 35000 올 랐 뿌 네
002380,니미럴
002380,기다리라니까
002380,약 먹었나 또 왜이래 어휴
002380,와 우리 나라 주식은 진짜 ㅋㅋ
002380,게시판에  걸베이  두넘
002380,하필 오늘 같은 날 보유주식수 변동 공시를 내서
002380,저는 계속 추매합니다 지금은 날아 오르기 위한 
004990,신유열 7541주 매수공시 !
004990,사탄이랑  사탄새끼는 뒤져라
004990,내일 현충일
004990,king.kicc 보거라
004990,ㄱ ㅐ.잡.주~
004990,이거였구만.
004990,매일같이 신한/하나 매도 진행에는
004990,아직멀엇어 2만은볼거야
004990,오늘 또 나타났다~~
004990,형들아
004990,2만원깨지면 비니도 쫄릴걸 ㅋ
004990,똥빈씨
004990,롯데쥬지스님안스님형님들
004990,우리 개미들 하루마감하며
004990,그냥 매달...300만원씩 적금 든다 생각하고 사유
004990,자사주
004990,2024년도 저PBR주, 관련주 및 대장주 정보
004990,9년째인데...
004990,희망이 싹트기를 기다리며...
004990,롯데 타워 
088350,이건 머 개미들 피냄새만 진동하네요
088350,결국 외인들 손에 달렸네요.
088350,=퇴계선생 일대기, 중에서=(1,)
088350,=퇴계선생 일대기, 중에서=(2,)
088350,중소기업 특화 증권사, "한화"
088350,한화투자증권,두나무 지분,,
088350,한화생명 기업개요 (1,)
088350,파렴치 집단
088350,결국 밸류업 호들갑 떨더니
088350,승여니 왜욕하나 이해못했는데
088350,시총 얼마 되지도 않는거
088350,가두리 처놓고
088350,개미형아들~ 공매도 13만주 뭐임?
088350,한생 임원  
088350,자사주 13.5프로?
088350,거래소,“기업가치 제고 계획” 항목신설,,
088350,'저PBR' 주식 사 모으는 기관,,
088350,'밸류업 위한 코스피 대형 상장사 간담회'
088350,앗싸.....중간배당
088350,와 c  8
081660,종가 장난
081660,윤윤수는 글로벌 CEO
081660,근데 가치평가했을때는 안사야하는게 맞음
081660,주가조작
081660,이 주식은
081660,정말 개 거시기한 주익이내
081660,받아먹지만 말고 사라고
081660,휠라홀딩스 리포트
081660,등 to the 신 홀딩스 루틴중하나....
081660,자사주 2만 아니고 1만 ?
081660,리포트 좋게 나왔따~!
081660,분명 상한가를 봤는데
081660,죽어야 산다(냉무
081660,중국내~휠라코리아 검색량 1위
081660,휠라홀딩스 리포트
081660,아쿠쉬 상승
081660,신발 편안한 거 한번 신으면 딴 거 몬신어
081660,금투세 폐지 청원글 다시 올라왔네요 -링크-
081660,아니 코큰새끼들은 코작은 사람들
081660,엔비디아로부터 운동화 납품 거부당했냐??
028670,나 nora 님이 예언한다
028670,팬오션의 오너와 주주들 비교분석 보고서
028670,똥파리 나와서 팬돌이 언제 3% 이상 상승하는지 말해봐라
028670,으이그
028670,안오른다  개 10똥주
028670,해운주는 도대체 언제 오르는거야
028670,똥파리 픽 졸라 웃긴당ㅋㅋㅋㅋㅋㅋㅋㅋㅋㅋㅋㅋㅋ
028670,이 주식은 악귀가 씌였다.
028670,똥파리가 언제 깝치는줄 아냐??
028670,믿어봅니다
028670,야 몇년차야?? 40년차도  맨날틀려~~아닥해라좀
028670,내가 지난 금욜장 끝나고 시간외로 흠사라했어? 안했어?
028670,밸류에이션(Valuation) 은
028670,진짜 옌병한 주식이네 
028670,점심들 자셨남??
028670,10년동안 이지랄중 ㄱ 노답
028670,bps 9280 원  ㄱ 노답  국장 코인으로이동
028670,무차입공매도 폭격중 개노답 코인이동
028670,역시 우리 교주님은 팬의 등대야
028670,십파 이색이는  수익한번 안주네
000120,대단한 호재
000120,와 굴지의 대기업 신세계랑 협업인데 이게 안가네
000120,가즈아~!
000120,전재산 몰빵
000120,대왕고래 운송은
000120,팩트
000120,이건 하락도
000120,짱깨 효과도 다 끝났노ㅋㅋㅋㅋ
000120,호재가 될 만한 뉴스기사는 맨날 나오는데 왜 주가는 안오르냐
000120,그냥들  갖고있어
000120,하루에 한번씩 욕해도 부족한 대통
000120,오늘도 개~ 쳐 맞을 준비했지? ㅋㅋㅋㅋㅋ
000120,명색이 대한민국 운이 트인다 인데
000120,정말 개 쓰레기 같은 대통
000120,쓰벌주
000120,아직 바닥징후가 없다는..
000120,노조파업때문에 운지중인회사
000120,와 금감원 이걸 캐치를 못허네
000120,10만원에 어거리 쩌억
000120,시총 넘 싸다 적대적 M&A나 당해라
020150,학습능력이없나?
020150,오늘 종가
020150,분위기 좋네
020150,ㅍㅎㅎ 종가에 절대 5만원을 못 넘기네
020150,종가1.22%
020150,짤짤이 100원짜리로 하자..
020150,아주 아주
020150,여윽시 어종음
020150,후반에 후려치기  들어간다
020150,절대 종가 5만 못넘는다
020150,오늘 종가
020150,호가창이
020150,금요일에는 지금까지 올렸던것 다 뺄것 같다
020150,어차피
020150,ㅠ
020150,동박 징허네
020150,연기금위탁애들
020150,아~ 오 ~ 싸가지들
020150,호가창에
020150,ㅠ
008770,그만좀 사라
008770,여름방학 시작되면 날아감???
008770,ㅈ가튼  ㄹ  ㅕ나
008770,아이고 부지나
008770,야는 말야.. 연말까정 이럴꺼야.
008770,종지 1.3프로 오르는데
008770,격언
008770,개미들 진짜 배알도 없네
008770,56900 내꺼임 사줘
008770,지하에다 앵커불트 박아놨니??
008770,갬이 주포를하니...
008770,항복이다
008770,와 저렴하네...
008770,코로나때 7-8만하던게 끝나니 
008770,대체 뭘 어떻게하면 국경봉쇄하던 코로나때보다 못하냐고
008770,외국인지분율 14프?ㅋㅋㅋ
008770,호텔신라 망고빙수 먹으러갔는데 직원이...
008770,이 부진
008770,에라이 썩은주식
008770,???
008930,없는 돈에 방어하느라 애썼다
008930,32200원이 커트라인인가 ㅋㅋ
008930,두느형제
008930,흔들림 없이 원점..
008930,석유 차익실현한 돈들 여기투자하게
008930,외인 창구 주목해야함@
008930,금투세 전면 폐지
008930,오늘은 이사회 하나?
008930,저점 잡아가는거 같다
008930,대세는 결정 되었다
008930,모녀는 뭘 기다리는가?
008930,돈값으라고 가처분한거 보면 화해X  ->  매각 X
008930,주가 10만원 맹글고
008930,지분 매각 6월15일 이전에 해야 하는 이유
008930,편안 ~ 하네
008930,개 웃기는게
008930,그럼 매각 법률자문은?
008930,국민연금위탁운용해야합니다!!!
008930,지분 매각한다잖아 그럼 싸게팔고싶겠냐?
008930,지분 매각한다잖아 그럼 싸게팔고싶겠냐?
012750,금투세 전면 폐지
012750,에스원 현시점 종목분석!!
012750,하루10억
012750,금투세 이런거랍니다 
012750,참 시바주식 
012750,이익잉여금1조5천억
012750,너의정체는뭐냐
012750,2016년 11만원 돌파 후
012750,에스원 리포트
012750,매수요~ 59500
012750,역시나
012750,배당금 3천만원
012750,실적악화
012750,물량 30%줄였습니다.
012750,●경축! 영업이익 ㅈㄴ감소 -22%●
012750,징그럽다....
012750,상한가는 힘들지
012750,평단 55000원 만주보유자
012750,평단 55000원 만주보유자
012750,☆더민주 좌빠 독재 탄압 강력규탄!!가짜민주!!
007070,요놈도 추세 무너지네!!!
007070,시총 부끄럽다 3.5조는 가야지
007070,내려가면
007070,22000원밑으로는
007070,신용빚투는 싹....
007070,개미 다 내리래
007070,4월에 등기임원에 등재된걸 6월인 지금 기사 내는 이유는???
007070,어쩌다 회사 꼴이 ㅋㅋㅋㅋㅋㅋ 
007070,아 욕이 근질근질 하지만
007070,22000원이 깨진다고?
007070,게수작떨더니 다시 개존망....
007070,무섭다
007070,요기요만 빨리 매각하자
007070,우리나라는 리포트 좋게나오면 바로 팔아야함
007070,일일 차트가 10년 챠트랑 똑같네 ㅋㅋ 
007070,호텔하나 분리한다고 뭐가 달라지냐?
007070,올라올 생각도 말라고 물량 투하
007070,약발 하루 ㅋㅋㅋㅋ
007070,내가 3프로 떨어진다 했냐 안했냐?
007070,약발끝났다
030000,두번 다시 안 까불께요.
030000,완존 바보 주식이네 
030000,기대해달라..2만원이상 
030000,매일 잠만 잘 거냐
030000,세계최초 반년동안 배당락 회복못하는 주식
030000,오늘
030000,추가매수
030000,한숨만 나오는 주식
030000,제기야 고생 많구나
030000,제일기획 사장도 바꾸라
030000,음. 여기게시판도좋은데
030000,쓰레기주식이다 !
030000,프로그램 말고는
030000,손절
030000,18200원 씹대기중요
030000,어차피 제일기획은 장투 가야 하잖아
030000,이틀
030000,삼성 그룹에서 가장 루저회사
030000,재용아!
030000,에휴 개 OOO 주식
073240,2600원에서 이정도면 되었지
073240,나 때문에 암 걸리는 댕댕이들
073240,댕댕이들아~~어째 좀 털어 갔어?
073240,공매현황
073240,병 순이들
073240,왜?
073240,오늘로써 캐스트 예상 다 틀림
073240,오늘로써 캐스트 예상 다 틀림
073240,빼꼼~
073240,빼꼼~
073240,빼꼼~
073240,빼꼼~
073240,삼성반도체의 잃어버린 5년
073240,2026년 7월 출범하는 대구·경북통합특별시...왜·어떻게 추진하나?
073240,난 오늘~
073240,삼표 시멘트 
073240,더블과 산은의 꽃놀이패는 시작????
073240,금호건설 게시판
073240,금호건설 게시판
073240,송정리 금타부지 개발
014680,매수
014680,이 회사는 대주주랑 경영진 다 ?아내야해
014680,경영권 분쟁 나불대던..
014680,ㅎㅎ. 다올 또 시작하네 더 많이 팔아라
014680,자회사 테이팩스 날아간다`
014680,내일 삼전 hbm 호재성 소식으로 오를듯
014680,여긴 찬티 같은거 없음
014680,쓰레기중의 상쓰레기
014680,다올 쓰레기들
014680,징그럽게 안오른다 너는
014680,주식하는토끼의 GAA관련 차트분석
014680,느그맘대로 차트가 처오르면ㅋㅋ다 부자 됐게?? 그냥 처기다리던지 나가던지해라
014680,월봉차트 봐라
014680,월봉차트 봐라
014680,월봉 5일선 
014680,형들~ 지금 들어가면 어때?
014680,금욜장 매도~~
014680,삼전 간다~~~
014680,ㅋㅋㅋㅋㅋ 
014680,포항 앞바다 천연 가스..
026960,ㅎㅎ
026960,누가 가지고 노네 ~ 아놔
026960,좋은 주식에 사기꾼들이 끼어서 망치는 것 같다
026960,장삿꾼
026960,입벌구 ~~~~
026960,산타는 지금
026960,산타가 누고
026960,롯데웰푸드도 날라간다(전 롯데제과)
026960,선물주는산타
026960,산타한테 다 속은겨..
026960,식품주가 날아다니는 현 시점에...
026960,동서 왜 이렇게 소외되냐ㅠㅜ
026960,석유가스로 수급이 몰리면서 소외가 되는데 너무 화가납니다.
026960,나른한 주말 오후
026960,진짜 포장은 질소과자보다 더하게 잘하는구만
026960,금투세 전면 폐지
026960,개뜬금이네.
026960,종가를
026960,음여기조용하고좋군.
026960,동서식품이 백혈병 투병 중인 아이를 위해 신제품 개발
010060,니미럴
010060,미안하다 아들아
010060,러브선생님
010060,러브가 진짜 늙었다는 증거
010060,fl 물린 BS 8만원에 안샀노. ㅋㅋㅋ 쳐물린 일베노? 
010060,폭풍전야
010060,진짜 도태한남 러브 어카냐
010060,ㅆ ㄹㅔ그덜 하는 fl 아갈 물었네ㅋㅋㅋ
010060,하림이랑 선진
010060,개똥
010060,vvvx 알거지 되더니 주댕이
010060,여기 내 친구 입사했던데 ㅋㅋ
010060,야호
010060,주주에게 자괴감을 주는 대표 ㅋㅋㅋ
010060,이우현 사망   -- 주가 폭등 보장한다
010060,잔대가리 굴리느라 회사 어떻게 경영 ㅋㅋ
010060,이우현 만성적 습관성 잔머리 ㅋ
010060,vvvx love 그지들이 합창하니 폭락
010060,3마리 깨갱깨갱?  조용하니 조으다.
010060,고시원 침대에 경제사범 제외라고
000880,가스공사 
000880,차트 다 깨고
000880,환영합니다
000880,줬 to the 망 !
000880,개승연 뒤지면
000880,매수청구 해 놓으니 든든한데...
000880,Time 100
000880,이자슥아
000880,양아치 주식은 명불허전 이지 ㅎ
000880,부도나나
000880,어제 한화 이겼는데
000880,매수청구 안한놈들 골로 가는중
000880,원위치보다 더 빼내
000880,원위치보다 더 빼내
000880,급급
000880,비상식적으로  빼네
000880,매수청구 물량 적으면
000880,매수청구 해 놓고...기다린다.
000880,오늘은 패스다
000880,주가조작
023530,롯데마트치킨게털들어간다개출입금지시켜라
023530,롯데쇼핑 시추 가능성
023530,진정한 가스 석유 관련주는 롯데쇼핑
023530,욕 나오네
023530,사는 놈이나 파는 놈이나 그놈이 그놈 같구만
023530,죄송합니다
023530,발암주식
023530,기관들
023530,우리동네 복권방 할아버지가
023530,65300원 안돼 신저가로 가야돼
023530,신회장님의 X심은 한량이 없으십니다.
023530,실적이라도 좋지 말던가
023530,거지국 돼버렸나..
023530,롯데마트개출입금지시켜라나는댓글안본다 ㅋㅋ
023530,롯데마트개출입금지시켜라더워러서못가겠다.
023530,작년에도 65000원까지 빼고 반등하긴 했음
023530,안녕하세요 65층 입성하자마자 물렸습니다....
023530,본좌는 말한다 
023530,경영진은 좀 분발하세요. 아래 글들 보세요
023530,회장님 힘내세요~~
000990,담주에는 거래량만 한번 터져라!
000990,누가 팔긴
000990,c8사기꾼들아
000990,5월 23일 보고와라 똑같다...
000990,DB
000990,벌써도지야??뭐 오른것도 없이 도지캔들임??
000990,에휴 또 피뢰침
000990,봤지?
000990,봤지?
000990,누가 이리 파냐
000990,피뢰침 피뢰침 신나는노래~~~
000990,오늘은 좀 많이 맘에 안드네!
000990,쌍바닥인줄 아셨죠?
000990,쌍바닥인줄 아셨죠?
000990,쌍바닥인줄 아셨죠?
000990,팔라고
000990,올만이야 또또, 쪼매올랏다고 호들갑들이내
000990,코스피 살짝 빠지니까
000990,주주 분들 반갑습니다.
000990,조도체 발리딜가격 66갓다노라 칠갑77가고88준기가고
005850,바로 지지 실패 나가리 
005850,이제는 신한가 들어오고
005850,오늘 팔면
005850,15퍼 매도
005850,매수~자동차 부품주 중 에스엘 / 만도가 흐름이 가장 좋은듯~외인+기관이 지속적으로 매수 들어오는 것보니
005850,벽에똥칠할때까지
005850,세력 vs 주주환원
005850,오늘도
005850,37200원아래 저항 신한애들 물량털기
005850,7월 말에 3만 초반
005850,지수좋고 업종떡상인데
005850,에스엘 리포트
005850,안녕하세요. 에스엘 주주입니다
005850,[속보] 6월 주도주 자동차섹터 확정.....
005850,형님들 주린인데요 에스엘은 자동차 관련주에여?
005850,주식은 좋은데..
005850,와 
005850,에스엘 현 상황 정리한 기사
005850,글이 장황하게 길구나
005850,꼬라지보니
009420,연기금 16300주 매수
009420,제2의 알테오젠. 프매매수 들어오네요!
009420,탈출은 지능순이다..던져라 곧 만원대 보인다. 모멘텀이 전혀 없음
009420,거래량 폭망.
009420,당분간 시장에서 관심이 없으려나…
009420,나스닥 IMVT 상승으로 마감
009420,니가 한올을 아냐 ㅋ
009420,씨발
009420,오늘 보합으로 마감... 낼부터는 낙폭에 의한 일시적 반등 효과 없어져서 걍 주루룩 미끄러진다... 내일 2만원대 예상..한달뒤에는 만원빵
009420,없이 살면 불쌍하다.
009420,아까.  1% 상승에 걸어뒀는데..
009420,연기금 5천주 매수 들어옴. 작전에 개미털림
009420,망했군. 
009420,아. 
009420,주포. . 
009420,단타들 털어가는 모습 보기 좋네요. 굿
009420,아놔. 지루하다.
009420,제2의 알테오젠을 꿈꾸다!
009420,하락한것도 많고 오른것도없는디
009420,내 기회비용.. 알테오젠 삼천당제약 살걸..
007310,얘는 빌빌거린다고 했쟈나!
007310,개베스트가 왜 들어왔노
007310,당장
007310,와 삼양식품
007310,낼은 상승!!!
007310,외인보유율은   최고네    
007310,오를때는 쬘끔
007310,기달리래..
007310,아니 또
007310,여기도 석유, 가스 단타치러 갔구나!
007310,주식은
007310,삼양에 밀렸네
007310,23%
007310,내가 말 했쟈나!
007310,꼴뚜기
007310,신한대굴빡
007310,빌빌
007310,절대 안올립니다
007310,천하에
007310,솔직히 60만원은 한번 찍을듯!
004490,매도 벽
004490,10만 밑으로 한번 더 빼주라
004490,그래프가 지저분하다.
004490,세방전지 오늘도4천주 매수
004490,올렸다 내렸다
004490,닛산에 납품
004490,탄탄한 재료 떴다.
004490,135000
004490,거래량
004490,오늘
004490,오늘도세방전지매수5천주 살여한다
004490,금투세 전면 폐지
004490,저도 방금 동의 했습니다,
004490,내 밑에  정상인 맞겠죠?
004490,세방전지 오늘은7천주매수 지분확보
004490,오랜만 이요
004490,거래량
004490,세방전지 오늘도2천주매수  오늘도지분확보
004490,세방전지 갈때대면간다  투자 
004490,머하냐??
011210,답답해서 어제 팔아버릴까 했다가 겨우 참았는데
011210,좋은 날이었군요.
011210,터졌어
011210,현대위아 주가 전망 배당금 기관별 목표주가 업사이드 분석
011210,58000 매물벽이 강력하네,,,
011210,이제시작이다
011210,폼을보니
011210,VI가보자잉
011210,만도 날라간다
011210,만도
011210,모으라고 했는데
011210,그동안 얼마나 떨어졌으면
011210,현대위아 강성주주 카톡방
011210,59000 찍자
011210,부품주는
011210,오늘 상한가
011210,근래 3년동안 이케 오른적없었는데.....
011210,내가 예전에 가로수길 걷다가 전지현을 
011210,자 가즈아!!!
011210,조심해라.
017800,현엘주식은
017800,매도할 주식이 아니다
017800,현대엘리베이터 40주년… "100년 기업 위업 이루자"
017800,목 표 까
017800,■●■고속 엘리베이터얍~다음 지명 대타자 누꼬?~누꼬?~야 빨리바꾸자~지명대타자로~내 성질나서 못참것다~
017800,발군의 성장
017800,유죄 평결 여파…트럼프, 지지율 열세·주가 4천억 '증발'
017800,재판은.곧?
017800,개미가이겼네
017800,오늘은 말일 ,, 리벨런싱 하는 날.
017800,동시호가에 30% 본전에 덜었네요
017800,동시호가에 전량 다팔렸네
017800,단타
017800,금감원에 탄원서라도 넣어야 될듯하네요
017800,4만에 1800주 걸어놨다
017800,빠진거모조리회복중
017800,슬슬 매도준비해라
017800,파는자리는 아닌거같다
017800,트럼프 '입막음돈' 형사재판 배심원단, 34개 혐의 모두 '유죄'
017800,[삭제된 게시물의 답글]지옥행 엘리베이터를 누르다니...
004170,1020주 머냐 ㅋㅋ
004170,우끼시네~~ 내일모레 10만원 짜리주식이다
004170,한국에서 부자되는법...
004170,자리가 사람을 만든는게 아니고
004170,신세계는 빠지지도 않네....
004170,2분기실적때까지는 휭보
004170,원래 22만원 이상하던 주식 아님? ㅋㅋㅋㅋㅋ
004170,미국채 4%밑으로 떨어지면
004170,가자~
004170,오늘도 한주씩 매수해 봅시다.
004170,멸콩 때문에 부메랑 돼서 회사
004170,내일도 줍줍
004170,직원들도 인정하는 오너리스크
004170,정보통신망법상 허위사실 유포 명예훼손
004170,낮술먹고 계속주문했더니
004170,쓱닷컴 공시에 대해(+추가)
004170,내 잘못이지...
004170,신한 공매치는 직원은..
004170,ㅅㅂ 진짜 ㅈ 같은 주식이네
004170,공매도 나팔수들 쯧쯧...
002710,다들 어떻게 보시나요 TCC스틸
002710,이 종목은 너무 과평가 되어있다.
002710,형
002710,철강섹터 오르는데 2차전지 섹터도 같이 오름
002710,질먹고갑니다
002710,철값 개판 낫는데 비싸게 주고산 석도강판은
002710,유럽쪽 열리니까
002710,스팅롱
002710,다른 스틸들 날라가는중 미련버리고
002710,주식 쉽다. 사자에만 사면 수익주네 ㅋㅋ
002710,몇 일 있으면 유럽 인터 배터리 열립니다.
002710,신규 상장주 코칩  전고체 주식이 아닌가요
002710,이차전지 섹터 오르니깐 오르는거지
002710,전부 희망회로 엄청나다
002710,전부 희망회로 엄청나다
002710,베터리의 흐름은 나빠질리는 없다
002710,기업의 부실 이유는 무리한 확장으로인한
002710,오늘 종가 마이너스 안되길 기도해라.
002710,오늘...
002710,회사 가본사람 손?
000240,술잔 돌린 尹 대통령에 동아일보 "정신이 혼미한 듯한 尹 언제 깨어날까"
000240,역시...
000240,타이어 만들때 석유 필요하지 않음?
000240,조가들아
000240,한국앤컴퍼니
000240,곧
000240,막판에 조금 올려주는 
000240,핸븜이
000240,주가 올리는
000240,축
000240,좀 스러운 외국인
000240,법법자는
000240,한컴
000240,지금 들어가도 좋을까요
000240,지금 들어가도 좋을까요
000240,지금 들어가도 좋을까요
000240,중남미와. 북유럽
000240,배당, 재무제표/ 지속적인 영업실적증가 등등
000240,테슬라가 다시 등장했으니
000240,국장 금투세 단타로 전락 ㅋㅋㅋ 못간다 ㅋㅋ
051600,아 또 기관들 종가에
051600,오늘 입성했습니다
051600,\\\ 오후장 원전 추가매수 한전KPS 전 고점 돌파 강하게 상승 굿ㅡ>6월 상승 100,000원 돌파 기대 굿ㅡ>성공투자하세요
051600,한케 하락락락
051600,내년부터 배당 줄어드나요?
051600,Kps
051600,두산에너빌과는 달라
051600,완전 쓰레기네
051600,미쳤냐
051600,안 오른다 그냥 팔아야 되나 ㅠㅠ
051600,그래서 7광구는 어케 되는거임??
051600,아니 아직도 여?어?
051600,인간적으로 4만은 찍고 
051600,물량 정리 시점인가
051600,JO나게 떨어지네^^
051600,아오 다른 놈 다 갈때 비실거리더니
051600,폐업 수순중?
051600,이건 도대체 왜 매수하는거죠?
051600,\\\ 매수확대 중 전 고점 돌파 강하게 상승 굿 ㅡ>6월 상승장 70,000원 돌파 기대 굿ㅡ>성공투자하세요
051600,\ 동해석유 이익분 ㅡ>한전KPS  매수 ㅡ>성공투자 ㅡ.대박행진 고 고
047040,한- 아프리카 
047040,액면가도 못가는 쓰래기 주식
047040,주주분들이 조금 안쓰럽긴하네요..
047040,우러 전쟁이 끝나야 오를까요??
047040,징한 녀석
047040,이상하네..
047040,참 일관성 있는 주식이다
047040,(신한증권이 일본 대주주)제이피모간 골드만삭스 유태인들
047040,거이 1년여 지켜봤다만
047040,혹파리아파트,,,,,
047040,오늘도 푸르지요!!
047040,오랜만에 입성~
047040,ㅋㅋㅋㅋ또 음봉ㅋㅋ
047040,천공뜻
047040,와 대우건설  오늘상하가
047040,꼭 성공하길 빕니다
047040,다들 평단 우찌되신가요
047040,오늘도 상마감
047040,물싸조 특급 추천주
047040,호재요?
042670,숨어있던 개돼지들 슬슬 튀어나오나 ㅋㅋ
042670,주식 적게 손해일때 매도 가감하게
042670,어쩌다 이런 개잡주가 되었는가?
042670,힘들때 웃는자가 일류!!
042670,완전 개잡주 쓰레기   완전1년14440원
042670,손해 났더라도 조금 이라도 팔아 되는 쪽에 붙어 봐라 ~~ 
042670,오늘도 자사주는
042670,석유주 점점 강해진다. 가스공사  오늘 아침ㅇ
042670,2400만원어치
042670,어리석은 개미들 
042670,ㅋ 공견대장이 장난치면..
042670,개몽준과 육갑이가
042670,포항 원유,가스 나오면 플랜트 수주 
042670,전에 내가 한번 얘기했던거 같은데...
042670,키움에서 1.2만원 리포트 3번 냈네
042670,어
042670,[프로그램 셋팅] [7700원 전후]
042670,찬티는 없고 안티들끼리
042670,캬아~악~~퉤
042670,이렇게 빼면
000080,안녕하십니까 선배님들 투자의견 분석부탁드립니다.
000080,여기 기관투자자들 다 거지라니까 !!!!
000080,이 주식 절대 안 간다.
000080,거래되는겁니꽈?
000080,비상
000080,테라 라이트는 언제발표할거?
000080,너무티나게 주가관리하지마
000080,산유국되면 개떡상 아님?
000080,내일 월드컵 예선, 여름엔 파리올림픽~~~소주 맥주 가즈아!!!!!
000080,올해는 그냥 금투세해결 될때까지 관망..
000080,지금 한국장 분이기..  하이트진로같은 종목들 넘쳐남,
000080,진짜ㅋㅋㅋㅋ이런 개잡주는 처음
000080,무슨 통곡의 벽도아니고
000080,올여름 혹독한 폭염으로 시원한 맥주
000080,여름인데 휴가 안가냐?
000080,오늘도
000080,발암1군 종목.
000080,ㅋㅋㅋㅋㅋ
000080,여긴 올것같은데 안오네...
000080,문제가
006110,주린이의 일기
006110,예수님의피로 죄가 용서된 사실을 믿으세요
006110,금투세
006110,알루미늄 재고 쌓이는중
006110,월요일,,,,,
006110,한국화장품제조에서 넘어왔슈
006110,전형적인
006110,자주 하는거
006110,주포형 믿고 있었다구. 오늘은 좀 빨리왔네
006110,알루미늄 
006110,양아~~
006110,삼아 세력 대단쓰~
006110,알루미늄 신고가 찍었다 쩜상가냐?
006110,일리늄 연중 최고가 !!!
006110,23일날    삼아  하구  신성델타하구 ㄱ계속 지켜보는데
006110,굿  며칠을  하락시키더니
006110,어차피 200%무상증자 할것이면 82 시작합시다
006110,퍼가 540?
006110,머야
006110,적자기업
006280,녹십자 개발중인 치료제가 미국 FDA 희귀치료제 지정 받았네..녹자가 FDA랑 수시로 접목되는데 주가는 이모냥..8대불가사의다.
006280,녹십자 개발중인 치료제가 미국 FDA 희귀치료제 지정 받았네..녹자가 FDA랑 수시로 접목되는데 주가는 이모냥..8대불가사의다.
006280,오늘 빠지지는 않겠다. 다시 추카혀
006280,오늘 빠지지는 않겠다. 다시 추카혀
006280,12만이하 대바닥 풀매수
006280,12만이하 대바닥 풀매수
006280,주주끼리 뭉쳐야지요
006280,주주끼리 뭉쳐야지요
006280,녹즙개미들 어쨋거나 2% 오른거 추카헌다
006280,녹즙개미들 어쨋거나 2% 오른거 추카헌다
006280,[삭제된 게시물의 답글]알바야, 복사해서 붙이믄 알바비 않준댜.
006280,[삭제된 게시물의 답글]★Tesla는 영향분석(미국정부 전기차 관세 인상)
006280,잡자기 왜???????
006280,못가도 최소 15만은 넘어야
006280,못가도 최소 15만은 넘어야
006280,찐 FDA
006280,찐 FDA
006280,녹십자 12만이하 대바닥 풀매수
006280,녹십자 12만이하 대바닥 풀매수
006280,알바들 많이 빠졌긴 하제
006360,순살이니 뭐니 ㅈㄹ을 떨어도 다들 자이살고 싶어함ㅋㅋㅋ
006360,아 좀
006360,부동산임장 가봐라.. 전세매물 씨가말랐다
006360,배당ㅅㅂ
006360,개잡주
006360,차트상 추가 하락 남은듯
006360,gs 건설은 지금 사놔야 부자가 된다^^
006360,저렇게 파는거?? 
006360,12000 오면
006360,순살은 ㆍ10년
006360,곧 만원
006360,상폐
006360,주식 수업은 진행중
006360,정답은 내일쯤 써보죠
006360,석렬아  여기도  함  쏴줘
006360,코스피 200벗어났네
006360,상폐
006360,건설업 어쩔수 없어..
006360,gs건설 채권144-2 기관이 팔고 있습니다.
006360,와 진짜 징하다 ㅋㅋ
009240,개미들 들어온
009240,54000대 왔네
009240,어라 ???
009240,새미야 어디가
009240,신기한 종목
009240,이넘들아
009240,2/4 배당도 1,500
009240,54000
009240,어케
009240,이번주
009240,다시
009240,오늘도 하락이다
009240,존버
009240,주주는 
009240,오늘 정리후 이종목은...
009240,반등 곧 옵니다.
009240,에휴
009240,해병대 익사사건?
009240,Imm무슨생각일까?
009240,Kb 랑 신한
014820,ㅡlicj ㅋㅋ 
014820,ㅡ매수세 실종 ㅋㅋㅋㅋㅋ 
014820,여긴 마치 한일전에 일본한테 건 사람들 같다.
014820,여긴 마치 한일전에 일본한테 건 사람들 같다.
014820,ㅡ참놔 ㅎㅎ
014820,동템
014820,ㅡ아주 그냥 미친거지 ㅋㅋ xswe*** 
014820,ㅡ아주 그냥 미치겠지 ㅋㅋ 
014820,ㅡ아주 그냥 미치겠지 ㅋㅋ 
014820,xswe****
014820,어제 말하니 말은 참잘들어 괴siki끼가
014820,어제 말하니 말은 참잘들어 괴siki끼가
014820,어제 말하니 말은 참잘들어 괴siki끼가
014820,ㅡ빠질까봐 쫄리냐 ㅋㅋㅋㅋㅋ 
014820,ㅡ음봉 보내준다고 말했을건데
014820,와우이런게
014820,ㅡlicj 야
014820,ㅡlicj 야
014820,똥원 알바야 양심 어디?
014820,모래는  개급등  나옵니다
069620,심상치 않아~~
069620,곰아
069620,엔블로
069620,막차들 잘 타~~~ 이번달 초부터 타야함.
069620,머지
069620,대죄톡스는 아직도 기 댕기네 ㅋㅋㅋ
069620,계속 눌러줘
069620,막차 타야지 후회 안함.
069620,큰집 대웅 나락감
069620,고민하다 사니까 오르네요
069620,벌써 몇번째
069620,튼실한 제약주 per 얼마가 적당하냐?
069620,돔황챠~~
069620,죄인들을 위해 이땅에 오신 예수님
069620,대웅제약 주가 전망 기관별 목표주가 분석
069620,회사 망했나요?
069620,승호 데리고 와라
069620,10만원 깨지겠네
069620,저점이 안보이네 ㅋㅋㅋㅋ
069620,튀어오를때가 되었는데...
003620,중국 배터리 탑재 완성차 
003620,시외상
003620,나락주
003620,종가
003620,곽회장
003620,대단한 주식
003620,평택부지 팔고
003620,상상은 KG모빌은 현대차급 대형 완성차기업이자
003620,프로그램
003620,쌍용차 주주분들 그동안 고생 많으셨습니다
003620,출?
003620,오늘 3% 마무리하자
003620,6천원은 한달안에 가겠죠
003620,KG에겐 상한가다.
003620,참  주시기나아니나
003620,KGM  1분기 536억원 순이익발생
003620,■ [필독][중요]kG싼용차_ kGm <== 불법사용! 
003620,웬만한 사람들 차 한 대 뽑을건데
003620,곽회장
003620,반토막난 다른종목
001740,최태원늙은이  물러나라
001740,페기물 쓰레기들 소각하자
001740,최신원 사장때부터 주가부양 한다 했는데
001740,느미럴 망령이 여즉도 심술부리네
001740,보합도 쓰레기 희망사항
001740,코스피 상승 
001740,쓰레기 집합소
001740,SK네트웍스 너네도 석유 탐사 및 시추 하는데 뭐 할 수 있는거 없을까?????????????
001740,첩     년   이    또  돈  빼가나보네
001740,이너틱스 / 네트웍스
001740,4800 이하에 또 잡아주지
001740,5000원 깨졌다
001740,조졌네~
001740,AI 
001740,AI 
001740,이주식은  첩  년  도적놈들  시기꾼들이
001740,이주식은  첩  년  도적놈들  시기꾼들이
001740,주가가 IMF때가 더 높네 ㄷㄷ
001740,또다시 손실이 나는구나
001740,개잡주에
000210,3시 5~6분 거래
000210,어이 기사양반
000210,2000조 가치...포항 영일만앞바다 유전 관련
000210,매동보니
000210,오늘 보나마나
000210,내일은 아침에 많이 올랐으면. 떨어지지마라
000210,DL한테 뭘 기대한거니 ㅜㅜ
000210,실?~
000210,이런...
000210,54400에 입성했습니다
000210,인생...
000210,코오롱상치길빌어
000210,여기 아니였네.....
000210,그럼 그렇지~
000210,나한테 고맙다고들 해라
000210,DL이앤씨에게 허무하게 역전 되네요
000210,포항영일만신항만 주주 구성
000210,★ 최대주주가 DL이앤씨라네요 세력도 몰랐나봅니다.
000210,조루로 끝날가능성 농후
000210,★ DL이앤씨로 가는게 맞지 않나요?
009970,2024/0327 영원무역홀딩스·삼부토건 감사보고서 미제출 '속출'
009970,영원무역 배당성향 10프로대다
009970,2025년 금투세
009970,내년 배당금
009970,이럴때
009970,배당을 12000원정도로 늘려라
009970,영원무역(111770)그룹이 공시대상기업집단
009970,금투세 폐지청원이 6일 남았습니다.
009970,옷한벌 사야긋다~
009970,믿을건 영원무역뿐이다~
009970,영원무역 직원들에게 건국전쟁 영화 관람
009970,믿는다~ 영원무역~  영원으로 수익나면 옷한벌 사준다~
009970,잡주 한번 잡아보자~
009970,올라가즈아~
009970,조금 줍줍해봅니다~
009970,애도 키우는 사람이 애들 보기에 부끄럽지 않냐.
009970,영익 짱짱하고
009970,.1150 70732
009970,가치투자?
009970,금투세 폐지에 함께 청원합시다!
001120,▶ LX인터내셔널 모레에 수 급..
001120,궁금
001120,투신 손절물량
001120,단순히
001120,아 집나간 기금이가
001120,기관이 제 정신이 아니라
001120,끝났다 
001120,한번가겠지
001120,오늘은
001120,휴스틸 종가는? 금요일 상한가 넥스틸도 상한가 오늘 미리 휴스틸 선취매 필수 !!!!~
001120,휴스틸도 곧 넥스틸, 동양철관 따라 상한가 들어갑니다.
001120,HL만도 폭등 상승 VI 걸렸네요. 너무 폭등을 많이 해서...
001120,==== 거봐요. 휴스틸 분봉상 쌍바닥이라고 말아올린다고 다 말했지요?
001120,==== 역시나 휴스틸 말아올리기 시작하네요.=====
001120,==== 휴스틸 분봉상 상한가 말아올리기 시작하네요. 지금 사도 10% 이상 먹어요.
001120,==== 휴스틸 분봉상 상한가 말아올리기 시작하네요. 지금 사도 10% 이상 먹어요.
001120,==== 휴스틸 분봉상 상한가 말아올리기 시작하네요. 지금 사도 10% 이상 먹어요.
001120,제28회차 롱충이 박멸 시즌 오픈
001120,석유가
001120,==== 휴스틸 분봉상 상한가 말아올리기 시작하네요. 지금 사도 10% 이상 먹어요.
005420,성지글(복.붙.이틀만에 증명했다)
005420,역시...이건 믿을수가 없어....
005420,시원하게 일단 5층까지만가자
005420,9마넌에삿는데 ㅠ
005420,얼마 오르지도 않았는데..
005420,자회사 신소재  반이라도 좀가자.
005420,기술적반등이냐???
005420,상한가 상한가 신나는 노래 
005420,어제 입성했습니다.
005420,간절하게
005420,아직도 안망했어?
005420,형은 가는데 동생은 안댈꼬 가냐?
005420,개미들 탈출하기 바쁘네...
005420,꿈 깨시오 
005420,좀 가자 갈 때 됐잖아..
005420,나의 손실 
005420,폭발 일보직전
005420,이차전지-이차전지ETF 오늘 본격적 매수세 유입중
005420,신소재 반은가자
005420,너도 이제
069960,망해라
069960,백화점이지만잡화상이라고할까
069960,전문가의 고견 
069960,지금 주가는 리먼사태때 주가..
069960,망해라. 망해도 싸다.
069960,10년을 병짓
069960,매쿼리 나와라~~~~ㅇ 나와라~~~~ㅇ
069960,이럴 바엔 폭삭 망해버려라!!!
069960,맥쿼리 골드만 아주 쌍으로 난리 치는구만
069960,멕콜 스방새들
069960,소각해라
069960,올라가는 일이없어
069960,좋은 뉴스 띄워놓고
069960,현백 주채무계열 제외....
069960,현대백화점 회장, 사장 연봉 너무 많다. 분기 배당 실시하라.
069960,지수 3.000 넘으면.......
069960,24년 저PBR주, 관련주, 대장주, 저평가 주식
069960,동시호가만가면지랄이구만
069960,현백을 산 내 손꾸락을...
069960,현대백화점 리포트
004000,2주내 슈팅 나온다 !!
004000,외국인이 좀더 매수 해줘야~~
004000,롯데가 폭등을 해도 보고만 있냐?
004000,전년도 7월 이후~~
004000,금투세폐지 국민청원 진행중
004000,속보!!!방금기사임
004000,[삭제된 게시물의 답글]롯케는 상승
004000,먼동이 곧 튼다. 작렬하는 태양이...
004000,호가창 100원 짜리로 가자..
004000,이종목은 매수리포트 나와도 반응이 없는걸 보니까
004000,120일 선을 돌파해야지..
004000,여기저기 암모니아 애기들 나오는데..꿈쩍을안하네 ㅋㅋㅋㅋㅋ개잡주 인정 팔고간다.수고들해라
004000,역시 내가 파니까 떨어지는군
004000,금요일 기관 신입이 매수 실수 했다고 합니다
004000,ECB 6일 금리인하 유력…
004000,이제 내려가자 다 팔았다
004000,53 언제가냐?
004000,역시 개미가좀 팔아줘야간다
004000,쌍끌이 매수를 하니 정말 쉽게 올라간다...
004000,수급이 살짝살짝
004800,이거 언제시면되나요?
004800,진짜 짜증난다 ㅋㅋㅋㅋㅋㅋ
004800,진짜 짜증난다 ㅋㅋㅋㅋㅋㅋ
004800,■●■효성아~다음 지명 대타자 누꼬?~누꼬?~야 빨리바꾸자~지명대타자로~내 성질나서 못참것다~
004800,효성
004800,앓던 이  베트남이 해결되었군요
004800,하한가
004800,장기투자자들
004800,지금 얘기나오는 인적분할
004800,분할하면 기존주주에게는 
004800,인적분할 단가가 궁금합니다.
004800,인적분할은 자기들이 해놓고  
004800,예비투자설명서 
004800,예비투자설명서 
004800,*6/14 임시주총 회사 분할 계획 승인…2개 지주사 독립경영 본격화
004800,인적분할
004800,효성첨단소재가 이제는 배당주로 더 매력있을것 같다 HS효성은 지주사 행위제한 요건
004800,'가족화해' 조석래 유언 따라 차남에 유류분 이상 지분 넘겨
004800,반등
004800,K-VOTE 채택하라!
005300,대형마트에서는  왜 롯데맥주 1.6L 피티병 맥주가 없죠?
005300,곧 거래량 터질거같다~
005300,말도 안되게
005300,배당주~
005300,롯데칠성 가격인상
005300,롯데칠성은 날씨도 안도와준다
005300,롯데마트
005300,10만원 찍고오던지 아님 ...
005300,이슈 하나 없는 음료주
005300,크러시 몽골수출
005300,슬슬 바닥같아서 나도 매집 시작...
005300,탄산음료값 인상은 수익성 극대화의 필수라고 여겨지네요. 
005300,개미만 득실대는 더르븐 롯데칠성~~
005300,롯데 리스크
005300,핸드링더럽게하네
005300,서초동땅에 주차장이라도 지어라
005300,백약이 무효
005300,탄산음료,쥬스,게토레이,핫식스 가격 6.9%인상하면 영업이익에 800억원이상+효과가 날텐데~.
005300,뭐 이런 개잡주가 있다냐?
005300,가격을 누르는거야 아니면 뭐야...
006650,후
006650,개 똥주..
006650,대한유화 레포트
006650,참많이 오른다
006650,금투세폐지 국회청원
006650,으악
006650,쓰레기 ?주.. 퉤 퉤 퉤
006650,얘는 화학주 아님? ㅋㅋㅋ
006650,금석이 거시기나?
006650,ㅅ ~ ㅂ 이주식은 맨날 15만 오르락 내리락 지랄 
006650,행님 롯케와 줄맞춰서
006650,에효~
006650,이주가 시간이 갈수록 또 찌그러지나 ?
006650,초단타 끝...  또 패대기 하락 시작 ㅋㅋ
006650,오후되면 홀라당전문
006650,오늘은상승예상
006650,대유 미래
006650,초단타 맛집.. ㅋㅋㅋ 종가=저가
006650,뭣같은 주식.. 퉤 퉤
006650,꼬라지가 완전 널뛰기 하네 ~~
003090,다음 바닥에서 잡으면 되겠구먼
003090,17000이하 초바닥 풀매수
003090,ㅋㅋㅋㅋㅋㅋㅋㅋㅋㅋ
003090,형들..대웅 vs  대웅제약...어떤거?
003090,내일 갭상 안뜨면 
003090,대웅 초바닥 풀매수
003090,아직도 여기서 뭐하냐 다들
003090,대웅 초바닥 풀매수
003090,패소
003090,몰라. 다른건 모르겠고?? 이지듀 좋아
003090,돔황챠~!!
003090,ㅜㅜ
003090,ㅎㅎ
003090,신용 몰빵해도 채소 20퍼는 먹는자리다
003090,와 오늘 상한가네
003090,다들 숏커버 기다리심요?
003090,씨보야 네이버 사라며
003090,너무한다 진짜 어디까지 떨어질래ㅜㅜ
003090,윤재승,윤재춘 경영권 매각하고 자폭해라
003090,돔황챠~!!
001800,철곤아 화경아 
001800,17기대할게
001800,최근 1개월간 개미만
001800, 금요일에 수급이 들어오는
001800,철곤아 화경아
001800,철곤아 화경아 외국인 돈 들어 온다
001800,이 주식은 들고 오래있으면 그만이야 오를 확률 백프론데
001800,"오리온 공장 화재 때 소화전 작동 안해"…경찰 수사 YouTube · 연합뉴스TV 2016. 2. 17.
001800,조심해라
001800,이제는 차등 배당 해야 한다
001800,이제는 차등 배당 해야 한다
001800,6월5일 주총 끝나면
001800,본사 부지  개발에 대해  알아보았습니다
001800,6월5일 주총하네
001800,홀딩스 망한 이유
001800,껍데기뿐인 홀딩스 적정주가
001800,철곤아 화경아
001800,심상치 않다
001800,ㅎㅎㅎ
001800,솔직히 승계를 위해 주가 띄우겠냐???
008730,누룽지가 라면보다  수출금액큼
008730,단톡방 모지리들아
008730,형님들 감사합니다
008730,개가 짖어도
008730,털린애들이 많나 ㅋㅎ
008730,하락무새들 아직도 짖고있나?
008730,단기 반등 끝ㅋㅋ
008730,종토방 
008730,다들 올만
008730,이번주 안에 상한가 간다고하면
008730,느긋하게 가자
008730,좋아요 
008730,언제 오르나 했는데
008730,오늘어?
008730,쇼...
008730,율촌 이제 분위기 탄거 아니였나?
008730,오늘 오른 이유?
008730,역시...
008730,슬슬 
008730,농심 율촌
039130,해외여행
039130,꺼꾸로가는 하나투어 
039130,이렇게 대놓고 저러는데도 어떻게 못하나
039130,뭔짓꺼린지..
039130,조금 상승 기미 보이면 처 누르고
039130,청개구리/ㅍㅎ
039130,신한개새
039130,뭣가튼종목
039130,얼른 새 주인 찾았으면 좋겠네요
039130,정말 심하네요 ㅠㅠ
039130,한국 주식시장의 현실
039130,내일 6만
039130,난 오늘 비중 줄이긴햇는데 진짜 담을만하다고봄 .
039130,가만히 냅두면 오를거같은데
039130,중국인, 올해 국내 여행에만 1000조원 쓴다"…관광 소비 살아나나
039130,이제 여행주식 관심 필요
039130,시간외
039130,혹시나하고 들어왔는데
039130,이주식은 개잡주
039130,거래 거지
093370,오늘 후 자ㅇ 올랐네
093370,켐트로스 > 노앤파트너스 인수합병 소식
093370,얘도 나름 가스주인데
093370,조또 못올라가네
093370,휘리릭~~
093370,돈잃고 다들 민감한건 아는데
093370,매수 금액 억 밑에는
093370,내년까지 가져 가면 먹겠네
093370,최소한 1만워 짜리 주식 인데
093370,7540에서 놀다가 끝나겠네
093370,초딩들 소풍 왔나?
093370,고맙습니다
093370,조용히 가즈아~
093370,그래^^
093370,개잡주 잡주중의 잡주 
093370,늘~ 바라만 보다
093370,개관도 버린 종목에서
093370,이 와중에
093370,이 와중에
093370,lolo, ei 도저히 못봐주겠다
069260,올라갈 자리에서
069260,슬슬 오르죠?
069260,그냥
069260,대한민국 재벌 중에
069260,무능한 박주환
069260,참 재미난 주식일세
069260,10년넘게..
069260,오늘은
069260,이 산업의 문제가 무엇인지
069260,이 산업의 문제가 무엇인지
069260,ㅋㅋㅋㅋㅋ 장전부터 하락 예약했죠?
069260,ㅋㅋㅋㅋㅋ 장전부터 하락 예약했죠?
069260,아직은 기다려 하라1파 더 남았다
069260,십프로만 올려주면
069260,금일 하락 중인 주식 몇 종목 없죠
069260,휴캠스라
069260,역시 제 예언대로
069260,역시 제 예언대로
069260,역시 제 예언대로
069260,코스피 불기둥에
032350,갈 준비완료
032350,SK증권 추천
032350,쑤방
032350,지지선 이탈입니다.
032350,[삭제된 게시물의 답글]비실비실
032350,2일동안 1000원 내리고
032350,나 이만원 매수 언제 올건가요...?
032350,로깡
032350,9900 에서 깔짝대지말고
032350,9900 에서 깔짝대지말고
032350,9,650원꺼정 어서 어서 빨랑 내려온나
032350,오늘한번
032350,이틀 내리꽂더니...
032350,목표주가 25000원???
032350,그나마 제일 싼 주식이 롯데관광뿐
032350,파라랑 롯광 둘 다 물렸다
032350,금리인하되면 다시 여행주 뜨는거 기정사실
032350,신한투신ㅅㅋ들 뒤지는날
032350,ㅋㅋ 25000 원!
032350,오늘 불기둥
020560,꺽였다....
020560,뭐여 순식간에 외인 다 튀었네??
020560,이번 파동에는 끝까지 털어먹으려 2만 넘길
020560,뉴스로 허구헌날 헛소리만 하네
020560,이젠
020560,양보는 필요하지 않다. EU 미국 승인안내고  비행기 사줘??
020560,최고의 더위에 밖으로 밖으로 항공주 훨훨날아가기전에 일직이 매집햐세요
020560,기름 최대수혜는 항공인거같은데...흠..그래서 오르나?
020560,연기금 슬슬 입질중..
020560,아무리못해도 2만은 충분히 간다
020560,韓-佛 항공협상 기종 교체카드 먹힐까
020560,대한항공, 아시아나 기업결합 꽝"
020560,유럽서도 경쟁당국 승인 이후 에어버스 대규모 구매
020560,합병 6월 마무리 아니었음?
020560,석유나오면 항공주도 날아가는거 아니냐?
020560,또또 10500원 간다
020560,10월말
020560,월봉 좀 봐라ㅋㅋㅋ
020560,여름휴가
020560,이맛에 주식하지
019170,ㅋㅋㅋㅋㅋㅋㅋㅋㅋㅋㅋㅋㅋ진짜대박
019170,?라맥스 구입처
019170,몰라
019170,이거
019170,방송 해라 한국민에 대한 
019170,발표  좀 혀라
019170,16614
019170,설마...12740
019170,쏜다
019170,어.종.파
019170,값비싼게임 빨간색 파란색 놀이
019170,뭐
019170,[삭제된 게시물의 답글]가나 보건부장관
019170,서울대 나왔다고 주장하는 예초덕형이
019170,한결같은 신풍
019170,땡칠이 좋은 혼처 구함.
019170,서울대 나온 니 동기 알고 있냐
019170,형왔다 형 우보천리보다 냄세 잘맡는다
019170,스크 665 + 1 
019170,땡칠이 종가 못맞춰
016380,감자 한번 가자
016380,[천재교] - 아 웃겨 ㅋㅋ
016380,여기 철강주 아닌거 다들 모름?
016380,개그 스틸 저점
016380,붕어들 특징
016380,개미탕종목
016380,개미스틸ㅜㅜ
016380,뭔일이래?
016380,이런 가치없는 회사가 또 있을까ㅋㅋ
016380,쌍차 인수로 올랐었는데…
016380,세상
016380,넌 뭐하냐
016380,참어이없다
016380,쓰레기
016380,Kg그룹
016380,연기
016380,깡통 만드는 회사라서
016380,단타용이네
016380,물량이 끝도없이 나오네 오를수가 없다
016380,누르는거 개욱기네. 
010780,배터리 매출 얼마나된다고 여기서 배터리 타령이냐
010780,배터리 모두 날아다니는데 혼자
010780,금투세 전면 폐지
010780,경산 펜타w 될 것 같다.
010780,아동... 힘내라
010780,삼프로 TV
010780,'아이에스동서 투자' 리시온, 캐나다 퀘벡 배터리 광물 추출 공장 완공
010780,뭐고
010780,아이에스동서, 사이클 탈 준비
010780,지금사서
010780,이기대 국밥모임!! 아직도 멤버 남아있냐?
010780,이사 보수한도 셀프 승인 관례 적용 예외 기업
010780,창원
010780,오늘도 개미만 붙네
010780,6.14일부로 퇴출.퇴출 통보.이제어디로가서놀지
010780,펜타W 대구 미분양 전국 1위로
010780,평단가 오면 떨어지네
010780,아이에스동서 기초는 튼튼하다. 다만
010780,청년 10명 중 6명 "자녀 계획 없다"
010780,청년 10명 중 6명 "자녀 계획 없다"
009900,이새낀 진짜 뭐지;
009900,오늘 폭등~
009900,머저리 호구들 좋아?
009900,200주밖에없지만 
009900,잠시 석유시추 관련주로 다녀오겠다
009900,명륜산업
009900,명신아~
009900,오늘 엄청 오르네요
009900,아침부터
009900,아침에 피었다가 저녁에 지고 마는
009900,끝없이 기다려라
009900,진정한쓰레기주식
009900,머저리들 오늘은 올인해라
009900,실적 타령 하지마.여기보다 장사 안되는곳 드물다.
009900,누누히 말하지만 아직 시작도 안했다
009900,왜 거래도 없고 망한 주식에 글들이 왜케 많냐
009900,■ 외인 보유율이 오르고 있다
009900,오늘 밤 종토방 분위기 예측해볼게요
009900,ㅎㅎ
009900,종가 -3% 찍어보자
001680,기관들의 주식
001680,공매도를 못하게 하니
001680,21000원까이
001680,가냐 안가냐
001680,대상 리포트 
001680,제2의 삼양식품
001680,청정원
001680,ㅋㅋ 역시 20일선 추매
001680,2.2에 추매자리인데
001680,기법이 20만주 안팔았으면 벌써 3만원 넘어갔다
001680,또 대규모 투자
001680,동훈아?
001680,매도할 이유가 없다
001680,3년이상 보유
001680,대상포진
001680,김수출 1등
001680,조금만
001680,조금만
001680,대상 리포트
001680,상장폐지던가 몇년째 주가를 누르기만하네
001430,주가부양 의지가 조금이라도 있다면
001430,저희는 진짜 오른 것도 없어요;;;;
001430, 세아베스틸지주, 동해 석유 가스전...저원가 시추용 합금강 특허 부각 ‘강세’
001430,오늘 안움직이는거 보면
001430,가스전 시추관은 넥스틸,세아베스틸 둘뿐인데
001430,장기투자자 배신하는 기업
001430,올라가면 안되는 이유라도있니?
001430,언제까지 바닥에서 지리할래
001430,실적 턴어라운드
001430,이건 석유와 관련 없나?
001430,군산 앞바다엔 가스 안 나옴?
001430,세아베스틸, 고충격인성강 석유시추 및 해양플랜트 등 오일 시추용 강재
001430,땅팔려면 얘네꺼 써야한다
001430,스타십 트루퍼스
001430,금투세 전면 폐지
001430,분할매도
001430,스페이스
001430,입성신고
001430,속보]尹 "2045년 화성에 태극기 꽂는 '스페이스 광개토 프로젝트' 추진"
001430,답이없네 진짜
000670,주주제안
000670,전 세계에서~가장 위대한 지배주주 일가족
000670,계속지켜만 보는 이유
000670,무상증자
000670,삼성을 능가하는 영풍그룹 난 믿어요
000670,경영진 능력은 ㅂㅅ인데 자산많은회사라
000670,금융투자소득세 금투세 정리
000670,한마디만 하고 간다
000670,한마디만 하고 간다
000670,여기 회장 바꿔라
000670,5월31일 장막판 4000주
000670,매수 시점
000670,총 주식수
000670,뭘 기대함?
000670,고려아연 비쌀 때
000670,30%지분
000670,역풍 - 월요일 하한가
000670,어차피 음봉
000670,●외국인 ㅅㅂ●
000670,역풍 상폐 기업
005250,개잡주
005250,지씨지놈~~~암 진단 6종
005250,내돈 돌려주고.
005250,일섭이 또 주식 파냐..?
005250,패가망신 기업에 주식 ..녹홀
005250,목암 신임 소장은 소속이~~~
005250,일섭이 단타질에 개미들죽어나고..
005250,힌트를 드렸는데
005250,이게 회사냐?
005250,진짜 거지같네!!!
005250,최악이다.
005250,음봉 크기 봐라 장대음봉이네
005250,뭐해~오바떨때 물타서 평단들 낮춰놔요
005250,적자 기업이 시총만 엄청나게 높아
005250,내돈 돌려주고!
005250,녹십자그룹 후계 관련 정리 (광고 아님,내용 김)
005250,도대체회사는 뭐하나
005250,[삭제된 게시물의 답글]허성수,허일섭이가..
005250,녹홀
005250,공장 돌아가나.